elapsed_s,at,arm,cpu_c,gpu_c,nvme_composite_c,gpu_active_sclk_mhz,cpu_max_reported_mhz,gpu_busy_percent
0.0,2026-10-02T09:09:57.170664+00:00,,50.0,48.0,44.85,622,3607.407,0
1.0085438129026443,2026-10-02T09:09:58.179188+00:00,,50.0,48.0,44.85,626,2042.662,0
2.0177175330463797,2026-10-02T09:09:59.188360+00:00,state-p131072-k131072-write,50.5,49.0,44.85,628,3589.113,0
3.0262460079975426,2026-10-02T09:10:00.196890+00:00,state-p131072-k131072-write,52.5,49.0,44.85,636,5143.269,1
4.03395976498723,2026-10-02T09:10:01.204614+00:00,state-p131072-k131072-write,57.625,50.0,45.85,939,5148.18,6
5.082149541005492,2026-10-02T09:10:02.252806+00:00,state-p131072-k131072-write,55.375,50.0,46.85,1269,3570.449,12
6.125245316885412,2026-10-02T09:10:03.295903+00:00,state-p131072-k131072-write,53.875,50.0,47.85,1458,3567.38,15
7.167708869092166,2026-10-02T09:10:04.338366+00:00,state-p131072-k131072-write,53.125,50.0,47.85,1559,3567.558,17
8.208381763892248,2026-10-02T09:10:05.379025+00:00,state-p131072-k131072-write,52.625,51.0,48.85,1502,3567.997,15
9.270428454969078,2026-10-02T09:10:06.441069+00:00,state-p131072-k131072-write,52.375,51.0,48.85,1440,3569.244,14
10.319071383913979,2026-10-02T09:10:07.489727+00:00,state-p131072-k131072-write,52.125,50.0,49.85,1442,3564.478,15
11.366371622076258,2026-10-02T09:10:08.537021+00:00,state-p131072-k131072-write,51.875,50.0,49.85,1412,3575.738,15
12.411108708940446,2026-10-02T09:10:09.581759+00:00,state-p131072-k131072-write,51.875,50.0,49.85,1420,3575.227,15
13.457124039996415,2026-10-02T09:10:10.627775+00:00,state-p131072-k131072-write,51.875,50.0,50.85,1446,3570.713,15
14.503293900983408,2026-10-02T09:10:11.673945+00:00,state-p131072-k131072-write,51.875,51.0,50.85,1427,3571.573,14
15.550390067975968,2026-10-02T09:10:12.721042+00:00,state-p131072-k131072-write,51.875,51.0,51.85,1402,3568.831,14
16.59747510100715,2026-10-02T09:10:13.768129+00:00,state-p131072-k131072-write,52.0,51.0,51.85,1414,3564.401,14
17.64817794295959,2026-10-02T09:10:14.818831+00:00,state-p131072-k131072-write,52.0,51.0,51.85,1406,3573.618,14
18.696461367886513,2026-10-02T09:10:15.867113+00:00,state-p131072-k131072-write,52.125,50.0,52.85,1404,3566.153,14
19.74349888903089,2026-10-02T09:10:16.914151+00:00,state-p131072-k131072-write,52.25,51.0,52.85,1391,3566.698,14
20.79144900594838,2026-10-02T09:10:17.962100+00:00,state-p131072-k131072-write,52.375,51.0,52.85,1390,3567.894,14
21.83540974697098,2026-10-02T09:10:19.006073+00:00,state-p131072-k131072-write,52.5,51.0,53.85,1423,3567.538,14
22.880551046924666,2026-10-02T09:10:20.051205+00:00,state-p131072-k131072-write,52.625,51.0,52.85,1457,3568.191,15
23.960480130976066,2026-10-02T09:10:21.131125+00:00,state-p131072-k131072-write,52.75,52.0,54.85,1467,3566.41,16
24.970592407975346,2026-10-02T09:10:22.141247+00:00,state-p131072-k131072-write,55.375,51.0,52.85,952,5142.989,6
26.00107667502016,2026-10-02T09:10:23.171729+00:00,state-p131072-k131072-write,61.125,51.0,53.85,747,5132.211,3
27.013511206954718,2026-10-02T09:10:24.184164+00:00,state-p131072-k131072-write,63.75,51.0,52.85,671,5145.71,1
28.024890088941902,2026-10-02T09:10:25.195544+00:00,state-p131072-k131072-write,65.375,52.0,53.85,641,5117.098,1
29.03595376596786,2026-10-02T09:10:26.206607+00:00,state-p131072-k131072-write,66.625,52.0,52.85,633,5118.714,1
30.047909659100696,2026-10-02T09:10:27.218564+00:00,state-p131072-k131072-write,67.125,51.0,53.85,630,5119.074,1
31.059541987953708,2026-10-02T09:10:28.230194+00:00,state-p131072-k131072-write,66.875,52.0,53.85,622,5144.03,0
32.0747652258724,2026-10-02T09:10:29.245418+00:00,state-p131072-k131072-write,66.75,52.0,53.85,626,5116.71,0
33.08708276296966,2026-10-02T09:10:30.257737+00:00,state-p131072-k131072-write,67.125,53.0,53.85,621,5117.194,0
34.09951604087837,2026-10-02T09:10:31.270163+00:00,state-p131072-k131072-write,67.625,53.0,53.85,619,5107.814,0
35.112065919907764,2026-10-02T09:10:32.282715+00:00,state-p131072-k131072-write,67.375,53.0,53.85,626,5106.659,0
36.12458117492497,2026-10-02T09:10:33.295233+00:00,state-p131072-k131072-write,67.75,53.0,53.85,626,5108.952,0
37.13822871888988,2026-10-02T09:10:34.308879+00:00,state-p131072-k131072-write,67.375,52.0,54.85,647,5131.287,1
38.1507547639776,2026-10-02T09:10:35.321406+00:00,state-p131072-k131072-write,67.125,52.0,53.85,636,5131.086,1
39.16216683993116,2026-10-02T09:10:36.332820+00:00,state-p131072-k131072-write,67.125,52.0,53.85,632,5131.887,0
40.175832707900554,2026-10-02T09:10:37.346477+00:00,state-p131072-k131072-write,67.0,53.0,53.85,626,5127.924,0
41.18708908907138,2026-10-02T09:10:38.357740+00:00,state-p131072-k131072-write,67.0,53.0,53.85,632,5126.905,1
42.20005062990822,2026-10-02T09:10:39.370698+00:00,state-p131072-k131072-write,67.25,52.0,53.85,635,5129.347,1
43.21105316793546,2026-10-02T09:10:40.381703+00:00,state-p131072-k131072-write,67.75,53.0,53.85,625,5106.933,0
44.222720820922405,2026-10-02T09:10:41.393370+00:00,state-p131072-k131072-write,67.5,53.0,53.85,629,5125.232,0
45.23420085408725,2026-10-02T09:10:42.404850+00:00,state-p131072-k131072-write,67.25,53.0,53.85,624,5132.132,0
46.24514314904809,2026-10-02T09:10:43.415792+00:00,state-p131072-k131072-write,67.125,53.0,53.85,626,5127.461,0
47.25609848788008,2026-10-02T09:10:44.426749+00:00,state-p131072-k131072-write,67.375,53.0,53.85,629,5102.82,0
48.2673563528806,2026-10-02T09:10:45.438008+00:00,state-p131072-k131072-write,68.0,53.0,54.85,624,5127.98,0
49.278704969910905,2026-10-02T09:10:46.449356+00:00,state-p131072-k131072-write,67.625,53.0,53.85,626,5128.452,0
50.289925715886056,2026-10-02T09:10:47.460576+00:00,state-p131072-k131072-write,67.375,53.0,53.85,629,5123.243,0
51.301128287101164,2026-10-02T09:10:48.471789+00:00,state-p131072-k131072-write,67.125,53.0,53.85,628,5130.839,0
52.31475724489428,2026-10-02T09:10:49.485408+00:00,state-p131072-k131072-write,67.125,52.0,53.85,636,5118.228,1
53.32630622503348,2026-10-02T09:10:50.496961+00:00,state-p131072-k131072-write,67.125,53.0,53.85,627,5124.816,0
54.338216417934746,2026-10-02T09:10:51.508869+00:00,state-p131072-k131072-write,67.125,53.0,53.85,624,5099.75,0
55.351325656985864,2026-10-02T09:10:52.521977+00:00,state-p131072-k131072-write,68.0,53.0,53.85,628,5124.334,0
56.36330224806443,2026-10-02T09:10:53.533955+00:00,state-p131072-k131072-write,67.625,53.0,53.85,625,5119.029,0
57.3757278600242,2026-10-02T09:10:54.546335+00:00,state-p131072-k131072-write,65.0,52.0,53.85,634,4990.109,1
58.45595086296089,2026-10-02T09:10:55.626604+00:00,state-p131072-k131072-write,66.125,53.0,53.85,637,5102.471,1
59.46728171897121,2026-10-02T09:10:56.637927+00:00,state-p131072-k131072-write,66.25,53.0,54.85,630,5084.55,0
60.478834653040394,2026-10-02T09:10:57.649468+00:00,state-p131072-k131072-write,66.25,53.0,54.85,626,5112.657,0
61.490231856005266,2026-10-02T09:10:58.660883+00:00,state-p131072-k131072-write,66.25,53.0,54.85,638,5130.213,1
62.504608917981386,2026-10-02T09:10:59.675259+00:00,state-p131072-k131072-write,65.75,53.0,54.85,638,5124.207,1
63.516391357872635,2026-10-02T09:11:00.687041+00:00,state-p131072-k131072-write,65.5,53.0,54.85,636,5141.588,1
64.52781735407189,2026-10-02T09:11:01.698462+00:00,state-p131072-k131072-write,65.125,53.0,54.85,637,5110.703,1
65.5413440389093,2026-10-02T09:11:02.711996+00:00,state-p131072-k131072-write,65.5,53.0,54.85,624,5117.528,0
66.5576063899789,2026-10-02T09:11:03.728258+00:00,state-p131072-k131072-write,65.125,53.0,53.85,619,5137.587,0
67.5699553010054,2026-10-02T09:11:04.740608+00:00,state-p131072-k131072-write,65.5,53.0,54.85,632,5134.845,1
68.58196673798375,2026-10-02T09:11:05.752627+00:00,state-p131072-k131072-write,65.375,53.0,54.85,630,5105.299,1
69.59800519002602,2026-10-02T09:11:06.768656+00:00,state-p131072-k131072-write,66.125,53.0,54.85,628,5141.329,1
70.60738697997294,2026-10-02T09:11:07.778007+00:00,state-p131072-k131072-write,65.625,53.0,54.85,629,5146.715,1
71.61953783594072,2026-10-02T09:11:08.790185+00:00,state-p131072-k131072-write,66.25,53.0,54.85,621,5152.181,0
72.64258848805912,2026-10-02T09:11:09.813231+00:00,state-p131072-k131072-write,65.875,52.0,54.85,611,5126.945,0
73.65744128706865,2026-10-02T09:11:10.828087+00:00,state-p131072-k131072-write,65.75,53.0,54.85,616,5123.651,0
74.66942347190343,2026-10-02T09:11:11.840070+00:00,state-p131072-k131072-write,66.25,53.0,54.85,612,5109.898,0
75.67998335789889,2026-10-02T09:11:12.850637+00:00,state-p131072-k131072-write,65.375,53.0,54.85,611,5148.891,0
76.69121848605573,2026-10-02T09:11:13.861871+00:00,state-p131072-k131072-write,65.25,53.0,54.85,618,5133.103,0
77.70437878696248,2026-10-02T09:11:14.875026+00:00,state-p131072-k131072-write,65.875,53.0,54.85,621,5115.549,0
78.7183958159294,2026-10-02T09:11:15.889049+00:00,state-p131072-k131072-write,65.25,52.0,54.85,620,5150.842,0
79.73960284003988,2026-10-02T09:11:16.910211+00:00,state-p131072-k131072-write,65.375,53.0,54.85,620,5146.455,0
80.81688871793449,2026-10-02T09:11:17.987484+00:00,state-p131072-k131072-write,66.5,53.0,54.85,620,5109.255,0
81.83908763900399,2026-10-02T09:11:19.009746+00:00,state-p131072-k131072-write,70.0,79.0,55.85,1307,5083.81,29
82.8487021769397,2026-10-02T09:11:20.019354+00:00,state-p131072-k131072-write,78.875,80.0,55.85,2208,5089.311,73
83.85675303009339,2026-10-02T09:11:21.027419+00:00,state-p131072-k131072-write,83.125,86.0,55.85,2547,5068.3,90
84.87315528001636,2026-10-02T09:11:22.043816+00:00,state-p131072-k131072-write,85.75,86.0,56.85,2665,5065.334,96
85.88957189489156,2026-10-02T09:11:23.060232+00:00,state-p131072-k131072-write,87.5,89.0,56.85,2710,5056.609,99
86.90209648804739,2026-10-02T09:11:24.072757+00:00,state-p131072-k131072-write,88.75,87.0,57.85,2720,5051.018,99
87.91859434987418,2026-10-02T09:11:25.089261+00:00,state-p131072-k131072-write,90.0,91.0,58.85,2720,5042.431,100
88.94155056006275,2026-10-02T09:11:26.112212+00:00,state-p131072-k131072-write,90.875,91.0,57.85,2719,5040.46,100
89.95668955286965,2026-10-02T09:11:27.127354+00:00,state-p131072-k131072-write,91.5,90.0,57.85,2718,5041.565,100
90.96786154806614,2026-10-02T09:11:28.138520+00:00,state-p131072-k131072-write,92.25,91.0,57.85,2720,4540.745,100
91.9848855799064,2026-10-02T09:11:29.155550+00:00,state-p131072-k131072-write,92.625,91.0,58.85,2697,2000.0,100
93.00055663008243,2026-10-02T09:11:30.171216+00:00,state-p131072-k131072-write,92.375,90.0,58.85,2643,2000.0,97
94.01166518009268,2026-10-02T09:11:31.182328+00:00,state-p131072-k131072-write,91.75,89.0,58.85,2657,2000.0,99
95.02551822690293,2026-10-02T09:11:32.196185+00:00,state-p131072-k131072-write,91.5,91.0,58.85,2656,2000.0,100
96.03658497799188,2026-10-02T09:11:33.207238+00:00,state-p131072-k131072-write,91.5,92.0,57.85,2656,2000.0,100
97.05473140696995,2026-10-02T09:11:34.225387+00:00,state-p131072-k131072-write,91.625,92.0,57.85,2659,2000.0,100
98.06756500992924,2026-10-02T09:11:35.238233+00:00,state-p131072-k131072-write,91.75,87.0,58.85,2657,2000.0,100
99.08414392801933,2026-10-02T09:11:36.254806+00:00,state-p131072-k131072-write,92.0,92.0,58.85,2653,2000.0,100
100.09486145689152,2026-10-02T09:11:37.265473+00:00,state-p131072-k131072-write,92.125,93.0,59.85,2655,2000.0,100
101.11183088109829,2026-10-02T09:11:38.282472+00:00,state-p131072-k131072-write,92.25,93.0,58.85,2660,2019.642,100
102.1229605958797,2026-10-02T09:11:39.293630+00:00,state-p131072-k131072-write,92.5,94.0,59.85,2654,2000.0,100
103.14146062009968,2026-10-02T09:11:40.312124+00:00,state-p131072-k131072-write,92.75,93.0,59.85,2651,2000.0,100
104.15668057394214,2026-10-02T09:11:41.327341+00:00,state-p131072-k131072-write,93.0,92.0,59.85,2655,2000.0,100
105.17150165396743,2026-10-02T09:11:42.342166+00:00,state-p131072-k131072-write,93.0,94.0,60.85,2651,2000.0,100
106.18456424493343,2026-10-02T09:11:43.355228+00:00,state-p131072-k131072-write,93.125,92.0,60.85,2649,2021.986,100
107.213672518963,2026-10-02T09:11:44.384325+00:00,state-p131072-k131072-write,93.375,94.0,60.85,2651,2000.0,100
108.22689129388891,2026-10-02T09:11:45.397539+00:00,state-p131072-k131072-write,93.5,89.0,60.85,2655,2000.0,100
109.23990156897344,2026-10-02T09:11:46.410569+00:00,state-p131072-k131072-write,93.625,93.0,60.85,2646,2000.0,100
110.25394188589416,2026-10-02T09:11:47.424576+00:00,state-p131072-k131072-write,94.375,94.0,60.85,2617,2310.079,97
111.26574079901911,2026-10-02T09:11:48.436387+00:00,state-p131072-k131072-write,94.125,96.0,60.85,2625,2000.0,98
112.27973572607152,2026-10-02T09:11:49.450401+00:00,state-p131072-k131072-write,94.125,95.0,61.85,2633,2000.0,99
113.2956260968931,2026-10-02T09:11:50.466289+00:00,state-p131072-k131072-write,94.25,94.0,61.85,2640,2000.0,100
114.31360457697883,2026-10-02T09:11:51.484264+00:00,state-p131072-k131072-write,94.375,95.0,60.85,2647,2000.0,100
115.32289446587674,2026-10-02T09:11:52.493562+00:00,state-p131072-k131072-write,94.5,94.0,59.85,2642,2000.0,100
116.33064680895768,2026-10-02T09:11:53.501310+00:00,state-p131072-k131072-write,94.625,93.0,58.85,2642,2000.0,100
117.33869555592537,2026-10-02T09:11:54.509357+00:00,state-p131072-k131072-write,94.75,95.0,58.85,2645,2000.0,100
118.34683080506511,2026-10-02T09:11:55.517498+00:00,state-p131072-k131072-write,94.875,95.0,57.85,2640,2000.0,100
119.35471405601129,2026-10-02T09:11:56.525378+00:00,state-p131072-k131072-write,95.0,94.0,57.85,2639,2000.0,100
120.36288344208151,2026-10-02T09:11:57.533540+00:00,state-p131072-k131072-write,95.125,94.0,56.85,2642,2000.0,100
121.37074987194501,2026-10-02T09:11:58.541418+00:00,state-p131072-k131072-write,95.25,97.0,56.85,2639,2000.0,100
122.37863430590369,2026-10-02T09:11:59.549298+00:00,state-p131072-k131072-write,95.375,94.0,56.85,2637,2000.0,100
123.38774149492383,2026-10-02T09:12:00.558400+00:00,state-p131072-k131072-write,95.5,95.0,56.85,2641,2000.0,100
124.39584491006099,2026-10-02T09:12:01.566512+00:00,state-p131072-k131072-write,95.5,96.0,56.85,2636,2000.0,100
125.40367842791602,2026-10-02T09:12:02.574342+00:00,state-p131072-k131072-write,95.625,95.0,55.85,2631,2000.0,100
126.41185621893965,2026-10-02T09:12:03.582516+00:00,state-p131072-k131072-write,95.75,94.0,55.85,2636,2000.0,100
127.41975417290814,2026-10-02T09:12:04.590422+00:00,state-p131072-k131072-write,95.875,95.0,55.85,2634,2000.0,100
128.4276598310098,2026-10-02T09:12:05.598319+00:00,state-p131072-k131072-write,96.0,96.0,55.85,2636,2015.977,100
129.43596902000718,2026-10-02T09:12:06.606628+00:00,state-p131072-k131072-write,96.125,95.0,55.85,2640,2000.0,100
130.44377766898833,2026-10-02T09:12:07.614447+00:00,state-p131072-k131072-write,96.125,95.0,55.85,2639,2000.0,100
131.45176218706183,2026-10-02T09:12:08.622426+00:00,state-p131072-k131072-write,96.125,96.0,55.85,2633,2000.0,100
132.45977295795456,2026-10-02T09:12:09.630436+00:00,state-p131072-k131072-write,96.25,95.0,55.85,2638,2000.0,100
133.46892090700567,2026-10-02T09:12:10.639589+00:00,state-p131072-k131072-write,96.25,95.0,54.85,2637,2000.0,100
134.4768753980752,2026-10-02T09:12:11.647535+00:00,state-p131072-k131072-write,96.125,94.0,54.85,2636,2000.0,100
135.48474752600305,2026-10-02T09:12:12.655406+00:00,state-p131072-k131072-write,96.125,95.0,54.85,2639,2000.0,100
136.49395294487476,2026-10-02T09:12:13.664595+00:00,state-p131072-k131072-write,96.25,96.0,54.85,2639,2000.0,100
137.50303803291172,2026-10-02T09:12:14.673700+00:00,state-p131072-k131072-write,96.125,94.0,54.85,2633,2000.0,100
138.51088021392934,2026-10-02T09:12:15.681544+00:00,state-p131072-k131072-write,96.25,96.0,54.85,2639,2000.0,100
139.52106775389984,2026-10-02T09:12:16.691735+00:00,state-p131072-k131072-write,96.125,96.0,54.85,2638,2000.0,100
140.52884472487494,2026-10-02T09:12:17.699509+00:00,state-p131072-k131072-write,96.125,94.0,54.85,2637,2000.0,100
141.53684598300606,2026-10-02T09:12:18.707509+00:00,state-p131072-k131072-write,96.125,95.0,54.85,2639,2000.0,100
142.5448567850981,2026-10-02T09:12:19.715524+00:00,state-p131072-k131072-write,96.0,94.0,54.85,2639,2000.0,100
143.5527854328975,2026-10-02T09:12:20.723448+00:00,state-p131072-k131072-write,96.0,95.0,54.85,2636,2306.716,100
144.56003556703217,2026-10-02T09:12:21.730698+00:00,state-p131072-k131072-write,96.0,95.0,54.85,2641,2000.0,100
145.5680957089644,2026-10-02T09:12:22.738759+00:00,state-p131072-k131072-write,95.875,95.0,54.85,2634,2229.529,100
146.57649023388512,2026-10-02T09:12:23.747150+00:00,state-p131072-k131072-write,96.0,95.0,54.85,2633,2000.0,100
147.58512486587279,2026-10-02T09:12:24.755789+00:00,state-p131072-k131072-write,96.0,95.0,54.85,2641,2000.0,100
148.59302814491093,2026-10-02T09:12:25.763692+00:00,state-p131072-k131072-write,96.0,95.0,54.85,2635,2000.0,100
149.6011755198706,2026-10-02T09:12:26.771837+00:00,state-p131072-k131072-write,96.0,97.0,54.85,2637,2000.0,100
150.60924510192126,2026-10-02T09:12:27.779909+00:00,state-p131072-k131072-write,95.875,96.0,54.85,2641,2000.0,100
151.61734285694547,2026-10-02T09:12:28.788010+00:00,state-p131072-k131072-write,95.875,95.0,54.85,2637,2000.0,100
152.62513097492047,2026-10-02T09:12:29.795794+00:00,state-p131072-k131072-write,96.0,95.0,54.85,2633,2000.0,100
153.63323551695794,2026-10-02T09:12:30.803896+00:00,state-p131072-k131072-write,95.875,96.0,54.85,2642,2000.0,100
154.64109021192417,2026-10-02T09:12:31.811757+00:00,state-p131072-k131072-write,95.875,95.0,54.85,2637,2000.0,100
155.6492939889431,2026-10-02T09:12:32.819958+00:00,state-p131072-k131072-write,96.0,97.0,54.85,2634,2000.0,100
156.65820477693342,2026-10-02T09:12:33.828866+00:00,state-p131072-k131072-write,96.0,95.0,54.85,2641,2000.0,100
157.6663020059932,2026-10-02T09:12:34.836970+00:00,state-p131072-k131072-write,96.0,94.0,54.85,2632,2000.0,100
158.6742487528827,2026-10-02T09:12:35.844901+00:00,state-p131072-k131072-write,96.0,96.0,54.85,2629,2000.0,100
159.68232612893917,2026-10-02T09:12:36.852989+00:00,state-p131072-k131072-write,96.0,97.0,54.85,2639,2000.0,100
160.69026742409915,2026-10-02T09:12:37.860935+00:00,state-p131072-k131072-write,96.0,97.0,54.85,2633,2000.0,100
161.69812520593405,2026-10-02T09:12:38.868784+00:00,state-p131072-k131072-write,96.0,94.0,54.85,2635,2000.0,100
162.70613981597126,2026-10-02T09:12:39.876803+00:00,state-p131072-k131072-write,96.125,94.0,54.85,2633,2000.0,100
163.71415157988667,2026-10-02T09:12:40.884816+00:00,state-p131072-k131072-write,96.125,95.0,54.85,2630,2000.0,100
164.72221606597304,2026-10-02T09:12:41.892880+00:00,state-p131072-k131072-write,96.125,94.0,54.85,2633,2000.0,100
165.73018293990754,2026-10-02T09:12:42.900848+00:00,state-p131072-k131072-write,96.125,96.0,54.85,2632,2000.0,100
166.7461266850587,2026-10-02T09:12:43.916789+00:00,state-p131072-k131072-write,96.125,95.0,54.85,2631,2000.0,100
167.754278420005,2026-10-02T09:12:44.924935+00:00,state-p131072-k131072-write,96.125,94.0,54.85,2636,2000.0,100
168.76238066097721,2026-10-02T09:12:45.933047+00:00,state-p131072-k131072-write,96.125,95.0,54.85,2633,2000.0,100
169.77020262391306,2026-10-02T09:12:46.940860+00:00,state-p131072-k131072-write,96.0,96.0,54.85,2635,2000.0,100
170.77833590097725,2026-10-02T09:12:47.948996+00:00,state-p131072-k131072-write,96.0,95.0,54.85,2638,2000.0,100
171.78624237002805,2026-10-02T09:12:48.956910+00:00,state-p131072-k131072-write,96.125,97.0,54.85,2631,2000.0,100
172.79433066607453,2026-10-02T09:12:49.964993+00:00,state-p131072-k131072-write,96.125,95.0,54.85,2632,2000.0,100
173.80236483807676,2026-10-02T09:12:50.973016+00:00,state-p131072-k131072-write,96.125,95.0,54.85,2638,2000.0,100
174.81025610794313,2026-10-02T09:12:51.980922+00:00,state-p131072-k131072-write,96.125,95.0,54.85,2630,2000.0,100
175.81725584995002,2026-10-02T09:12:52.987911+00:00,state-p131072-k131072-write,96.125,94.0,54.85,2632,2000.0,100
176.82644499605522,2026-10-02T09:12:53.997112+00:00,state-p131072-k131072-write,96.125,97.0,54.85,2631,2000.0,100
177.83346407487988,2026-10-02T09:12:55.004106+00:00,state-p131072-k131072-write,89.875,67.0,54.85,1621,5040.532,42
178.84096970199607,2026-10-02T09:12:56.011625+00:00,state-p131072-k131072-write,84.5,65.0,55.85,989,5071.297,16
179.8485785399098,2026-10-02T09:12:57.019225+00:00,state-p131072-k131072-write,81.375,66.0,55.85,1105,5059.527,11
180.8565857000649,2026-10-02T09:12:58.027243+00:00,state-p131072-k131072-write,75.875,63.0,55.85,806,3716.156,4
181.8698567179963,2026-10-02T09:12:59.040517+00:00,state-p131072-k131072-write,71.625,63.0,55.85,691,3569.004,2
182.87957314006053,2026-10-02T09:13:00.050230+00:00,state-p131072-k131072-write,68.75,61.0,55.85,650,3570.495,1
183.88975483109243,2026-10-02T09:13:01.060411+00:00,state-p131072-k131072-write,66.75,61.0,55.85,630,3573.067,1
184.90829373290762,2026-10-02T09:13:02.078956+00:00,state-p131072-k131072-write,65.375,61.0,55.85,626,3559.125,0
185.91561303194612,2026-10-02T09:13:03.086275+00:00,state-p131072-k131072-write,64.25,60.0,55.85,623,3571.001,0
186.9256983990781,2026-10-02T09:13:04.096353+00:00,state-p131072-k131072-read,63.375,60.0,54.85,620,3576.482,0
187.93786770501174,2026-10-02T09:13:05.108524+00:00,state-p131072-k131072-read,62.75,59.0,55.85,623,3574.781,0
188.95209938893095,2026-10-02T09:13:06.122752+00:00,state-p131072-k131072-read,62.125,59.0,54.85,622,3573.345,0
189.96772728208452,2026-10-02T09:13:07.138388+00:00,state-p131072-k131072-read,61.625,58.0,55.85,625,3576.265,0
190.98538218508475,2026-10-02T09:13:08.156040+00:00,state-p131072-k131072-read,61.125,58.0,54.85,627,3571.166,0
191.99373072502203,2026-10-02T09:13:09.164392+00:00,state-p131072-k131072-read,60.75,58.0,54.85,624,3574.526,0
193.00662806397304,2026-10-02T09:13:10.177290+00:00,state-p131072-k131072-read,60.5,58.0,54.85,618,3577.65,0
194.02164915087633,2026-10-02T09:13:11.192302+00:00,state-p131072-k131072-read,60.25,57.0,54.85,621,4376.459,0
195.02932585193776,2026-10-02T09:13:12.199969+00:00,state-p131072-k131072-read,67.875,58.0,54.85,709,5102.76,2
196.07004566700198,2026-10-02T09:13:13.240696+00:00,state-p131072-k131072-read,65.375,58.0,56.85,1117,3556.952,9
197.11738807708025,2026-10-02T09:13:14.288043+00:00,state-p131072-k131072-read,63.375,58.0,56.85,1384,3561.295,14
198.15515998308547,2026-10-02T09:13:15.325805+00:00,state-p131072-k131072-read,62.125,58.0,57.85,1487,3556.572,16
199.19424593099393,2026-10-02T09:13:16.364891+00:00,state-p131072-k131072-read,61.25,58.0,57.85,1547,3554.505,17
200.23601499805227,2026-10-02T09:13:17.406668+00:00,state-p131072-k131072-read,60.625,58.0,57.85,1525,3552.489,16
201.28009575698525,2026-10-02T09:13:18.450746+00:00,state-p131072-k131072-read,60.25,57.0,57.85,1463,3552.936,15
202.3212728400249,2026-10-02T09:13:19.491934+00:00,state-p131072-k131072-read,59.75,57.0,58.85,1448,3565.161,15
203.3644444849342,2026-10-02T09:13:20.535095+00:00,state-p131072-k131072-read,59.25,57.0,58.85,1402,3571.312,14
204.4101272849366,2026-10-02T09:13:21.580777+00:00,state-p131072-k131072-read,59.0,56.0,58.85,1430,3560.064,15
205.45525836502202,2026-10-02T09:13:22.625923+00:00,state-p131072-k131072-read,58.75,56.0,58.85,1416,3569.225,15
206.5030683958903,2026-10-02T09:13:23.673725+00:00,state-p131072-k131072-read,58.625,56.0,59.85,1417,3557.846,15
207.58546444308013,2026-10-02T09:13:24.756121+00:00,state-p131072-k131072-read,58.375,56.0,59.85,1412,3570.575,15
208.68635803391226,2026-10-02T09:13:25.857009+00:00,state-p131072-k131072-read,58.25,56.0,59.85,1400,3571.608,14
209.76813533902168,2026-10-02T09:13:26.938788+00:00,state-p131072-k131072-read,58.125,56.0,59.85,1440,3566.12,14
210.81635011197068,2026-10-02T09:13:27.987001+00:00,state-p131072-k131072-read,58.0,56.0,60.85,1427,3563.292,14
211.86139783100225,2026-10-02T09:13:29.032005+00:00,state-p131072-k131072-read,57.875,56.0,59.85,1101,3556.114,9
212.90979814599268,2026-10-02T09:13:30.080440+00:00,state-p131072-k131072-read,57.75,56.0,60.85,1187,3561.856,10
213.96646668598987,2026-10-02T09:13:31.137122+00:00,state-p131072-k131072-read,57.625,56.0,60.85,1216,3569.845,11
215.07420333707705,2026-10-02T09:13:32.244847+00:00,state-p131072-k131072-read,57.625,56.0,60.85,1221,3585.653,11
216.11983250104822,2026-10-02T09:13:33.290455+00:00,state-p131072-k131072-read,57.625,56.0,61.85,1232,3563.368,12
217.19651487399824,2026-10-02T09:13:34.367161+00:00,state-p131072-k131072-read,57.625,56.0,61.85,1287,3568.092,13
218.20570801896974,2026-10-02T09:13:35.376348+00:00,state-p131072-k131072-read,58.25,55.0,60.85,869,5116.176,5
219.21905811596662,2026-10-02T09:13:36.389599+00:00,state-p131072-k131072-read,64.0,55.0,61.85,712,5144.448,2
220.26914961496368,2026-10-02T09:13:37.439800+00:00,state-p131072-k131072-read,67.0,56.0,60.85,662,5092.603,1
221.2852291748859,2026-10-02T09:13:38.455879+00:00,state-p131072-k131072-read,68.5,55.0,61.85,640,5111.476,1
222.29648485896178,2026-10-02T09:13:39.467132+00:00,state-p131072-k131072-read,68.375,56.0,60.85,639,5087.211,1
223.3088535820134,2026-10-02T09:13:40.479515+00:00,state-p131072-k131072-read,69.5,56.0,60.85,638,5085.078,1
224.32208611094393,2026-10-02T09:13:41.492730+00:00,state-p131072-k131072-read,69.5,56.0,61.85,637,5124.729,1
225.33495346503332,2026-10-02T09:13:42.505605+00:00,state-p131072-k131072-read,69.625,55.0,60.85,630,5113.741,1
226.34658852010034,2026-10-02T09:13:43.517240+00:00,state-p131072-k131072-read,68.625,56.0,61.85,630,5105.796,1
227.3579982770607,2026-10-02T09:13:44.528641+00:00,state-p131072-k131072-read,68.5,56.0,61.85,628,5149.82,0
228.42015699693002,2026-10-02T09:13:45.590808+00:00,state-p131072-k131072-read,68.75,55.0,60.85,633,5107.107,0
229.43189092096873,2026-10-02T09:13:46.602547+00:00,state-p131072-k131072-read,69.0,56.0,61.85,641,5099.261,1
230.445563566871,2026-10-02T09:13:47.616171+00:00,state-p131072-k131072-read,68.375,55.0,60.85,630,5148.644,0
231.4680150609929,2026-10-02T09:13:48.638666+00:00,state-p131072-k131072-read,68.75,56.0,61.85,626,5113.561,0
232.48124180804007,2026-10-02T09:13:49.651896+00:00,state-p131072-k131072-read,68.75,56.0,60.85,636,5108.844,1
233.4930454629939,2026-10-02T09:13:50.663696+00:00,state-p131072-k131072-read,68.375,56.0,61.85,626,5111.6,0
234.50513080204837,2026-10-02T09:13:51.675785+00:00,state-p131072-k131072-read,68.625,55.0,60.85,633,5108.246,1
235.51670713094063,2026-10-02T09:13:52.687315+00:00,state-p131072-k131072-read,68.375,56.0,60.85,637,5156.885,1
236.54063570592552,2026-10-02T09:13:53.711291+00:00,state-p131072-k131072-read,68.5,55.0,60.85,629,5111.77,0
237.55164816905744,2026-10-02T09:13:54.722305+00:00,state-p131072-k131072-read,68.75,56.0,60.85,632,5110.914,1
238.56208223407157,2026-10-02T09:13:55.732740+00:00,state-p131072-k131072-read,69.125,55.0,60.85,639,5086.201,1
239.5752109780442,2026-10-02T09:13:56.745868+00:00,state-p131072-k131072-read,69.875,56.0,60.85,639,5119.218,1
240.5868293219246,2026-10-02T09:13:57.757473+00:00,state-p131072-k131072-read,68.875,55.0,61.85,633,5123.821,1
241.6122111179866,2026-10-02T09:13:58.782861+00:00,state-p131072-k131072-read,68.625,56.0,60.85,626,5110.586,0
242.62430628505535,2026-10-02T09:13:59.794948+00:00,state-p131072-k131072-read,68.5,55.0,61.85,623,5136.335,0
243.6991498800926,2026-10-02T09:14:00.869801+00:00,state-p131072-k131072-read,69.25,55.0,60.85,630,5121.869,1
244.71170838805847,2026-10-02T09:14:01.882358+00:00,state-p131072-k131072-read,69.5,56.0,60.85,637,5115.389,1
245.72321949293837,2026-10-02T09:14:02.893870+00:00,state-p131072-k131072-read,68.625,55.0,60.85,621,5106.092,0
246.73481738800183,2026-10-02T09:14:03.905459+00:00,state-p131072-k131072-read,68.625,56.0,60.85,618,5112.15,0
247.7460283380933,2026-10-02T09:14:04.916678+00:00,state-p131072-k131072-read,68.0,55.0,60.85,628,5150.03,1
248.83949238900095,2026-10-02T09:14:06.010144+00:00,state-p131072-k131072-read,68.25,55.0,60.85,630,5112.88,1
249.85025247000158,2026-10-02T09:14:07.020904+00:00,state-p131072-k131072-read,68.5,56.0,60.85,638,5108.418,1
250.8617413919419,2026-10-02T09:14:08.032392+00:00,state-p131072-k131072-read,68.625,55.0,60.85,636,5088.85,1
251.87379424995743,2026-10-02T09:14:09.044447+00:00,state-p131072-k131072-read,69.5,56.0,60.85,626,5082.309,0
252.88443665509112,2026-10-02T09:14:10.055089+00:00,state-p131072-k131072-read,69.375,56.0,60.85,626,5119.889,1
253.95688625006005,2026-10-02T09:14:11.127514+00:00,state-p131072-k131072-read,69.625,55.0,60.85,629,5113.904,1
254.97037642309442,2026-10-02T09:14:12.141029+00:00,state-p131072-k131072-read,70.0,55.0,60.85,625,5089.356,0
255.98290723888204,2026-10-02T09:14:13.153559+00:00,state-p131072-k131072-read,69.625,55.0,60.85,620,5108.143,0
256.99520815489814,2026-10-02T09:14:14.165870+00:00,state-p131072-k131072-read,69.125,55.0,61.85,646,5104.7,1
258.00744722690433,2026-10-02T09:14:15.178099+00:00,state-p131072-k131072-read,69.5,55.0,60.85,635,5141.336,1
259.0765713939909,2026-10-02T09:14:16.247221+00:00,state-p131072-k131072-read,69.875,55.0,60.85,634,5085.304,1
260.0901323799044,2026-10-02T09:14:17.260782+00:00,state-p131072-k131072-read,70.0,55.0,60.85,629,5083.344,1
261.10346290702,2026-10-02T09:14:18.274115+00:00,state-p131072-k131072-read,69.125,55.0,61.85,627,5160.67,0
262.16889800992794,2026-10-02T09:14:19.339547+00:00,state-p131072-k131072-read,68.625,55.0,60.85,628,5121.916,0
263.17891548690386,2026-10-02T09:14:20.349567+00:00,state-p131072-k131072-read,68.75,55.0,60.85,629,5117.267,1
264.18660916993394,2026-10-02T09:14:21.357260+00:00,state-p131072-k131072-read,68.25,55.0,60.85,623,5112.404,0
265.20361803495325,2026-10-02T09:14:22.374269+00:00,state-p131072-k131072-read,67.875,56.0,60.85,626,5115.826,0
266.21505069802515,2026-10-02T09:14:23.385711+00:00,state-p131072-k131072-read,68.625,56.0,59.85,626,5095.815,0
267.2244065790437,2026-10-02T09:14:24.395067+00:00,state-p131072-k131072-read,69.125,55.0,59.85,623,5102.694,0
268.23341893288307,2026-10-02T09:14:25.404065+00:00,state-p131072-k131072-read,68.375,55.0,59.85,621,5103.876,0
269.25046795001253,2026-10-02T09:14:26.421115+00:00,state-p131072-k131072-read,68.5,55.0,59.85,615,5090.459,0
270.2621974560898,2026-10-02T09:14:27.432847+00:00,state-p131072-k131072-read,68.875,55.0,59.85,612,5028.946,0
271.2720599230379,2026-10-02T09:14:28.442707+00:00,state-p131072-k131072-read,68.375,55.0,59.85,610,5118.528,0
272.28338375804015,2026-10-02T09:14:29.454028+00:00,state-p131072-k131072-read,68.375,55.0,60.85,613,5109.074,0
273.29261790099554,2026-10-02T09:14:30.463263+00:00,state-p131072-k131072-read,68.125,55.0,60.85,610,5111.457,0
274.3040533689782,2026-10-02T09:14:31.474712+00:00,state-p131072-k131072-read,68.25,55.0,59.85,622,5110.317,0
275.31954449391924,2026-10-02T09:14:32.490202+00:00,state-p131072-k131072-read,68.5,55.0,59.85,622,5103.651,0
276.3281118669547,2026-10-02T09:14:33.498759+00:00,state-p131072-k131072-read,68.5,55.0,59.85,616,5104.413,0
277.3404192060698,2026-10-02T09:14:34.511066+00:00,state-p131072-k131072-read,68.25,55.0,59.85,624,5111.06,0
278.353524354985,2026-10-02T09:14:35.524170+00:00,state-p131072-k131072-read,68.75,55.0,59.85,628,5094.158,0
279.3707970259711,2026-10-02T09:14:36.541451+00:00,state-p131072-k131072-read,68.375,55.0,59.85,618,5132.618,0
280.3902489920147,2026-10-02T09:14:37.560891+00:00,state-p131072-k131072-read,68.75,55.0,60.85,623,5110.038,0
281.40201926999725,2026-10-02T09:14:38.572571+00:00,state-p131072-k131072-read,70.125,55.0,59.85,715,5073.538,2
282.4256913419813,2026-10-02T09:14:39.596334+00:00,state-p131072-k131072-read,69.125,56.0,59.85,659,5114.711,1
283.4380994180683,2026-10-02T09:14:40.608732+00:00,state-p131072-k131072-read,72.5,72.0,60.85,1703,5076.34,39
284.4656610840466,2026-10-02T09:14:41.636317+00:00,state-p131072-k131072-read,77.5,85.0,61.85,2225,5047.905,67
285.48025898705237,2026-10-02T09:14:42.650918+00:00,state-p131072-k131072-read,83.5,87.0,61.85,2481,5050.125,85
286.49777299305424,2026-10-02T09:14:43.668435+00:00,state-p131072-k131072-read,87.5,89.0,62.85,2640,5049.259,95
287.5177115860861,2026-10-02T09:14:44.688368+00:00,state-p131072-k131072-read,89.625,92.0,61.85,2692,4975.375,98
288.53589845704846,2026-10-02T09:14:45.706564+00:00,state-p131072-k131072-read,91.25,92.0,61.85,2704,5038.11,99
289.54676361894235,2026-10-02T09:14:46.717418+00:00,state-p131072-k131072-read,92.25,94.0,60.85,2710,4970.405,100
290.5592199640814,2026-10-02T09:14:47.729883+00:00,state-p131072-k131072-read,93.125,94.0,59.85,2713,5026.268,100
291.56669868691824,2026-10-02T09:14:48.737354+00:00,state-p131072-k131072-read,93.875,95.0,59.85,2712,4975.577,100
292.5748725119047,2026-10-02T09:14:49.745533+00:00,state-p131072-k131072-read,94.625,97.0,58.85,2703,4545.09,100
293.5838762840722,2026-10-02T09:14:50.754534+00:00,state-p131072-k131072-read,95.375,92.0,58.85,2690,2000.0,100
294.5916595570743,2026-10-02T09:14:51.762310+00:00,state-p131072-k131072-read,94.375,93.0,58.85,2666,2000.0,100
295.6006767449435,2026-10-02T09:14:52.771343+00:00,state-p131072-k131072-read,93.875,94.0,57.85,2652,2013.881,100
296.61023765802383,2026-10-02T09:14:53.780880+00:00,state-p131072-k131072-read,93.625,93.0,57.85,2648,2016.179,100
297.6186084919609,2026-10-02T09:14:54.789271+00:00,state-p131072-k131072-read,93.625,94.0,56.85,2650,2000.0,100
298.62657426088117,2026-10-02T09:14:55.797229+00:00,state-p131072-k131072-read,93.625,96.0,56.85,2653,2000.0,100
299.6348684129771,2026-10-02T09:14:56.805539+00:00,state-p131072-k131072-read,93.75,95.0,56.85,2645,2000.0,100
300.64252361794934,2026-10-02T09:14:57.813177+00:00,state-p131072-k131072-read,94.0,95.0,56.85,2643,2015.385,100
301.65087431506254,2026-10-02T09:14:58.821538+00:00,state-p131072-k131072-read,94.125,93.0,56.85,2647,2000.0,100
302.6587877778802,2026-10-02T09:14:59.829454+00:00,state-p131072-k131072-read,94.25,95.0,55.85,2642,2000.0,100
303.66663025598973,2026-10-02T09:15:00.837281+00:00,state-p131072-k131072-read,94.375,93.0,55.85,2639,2013.558,100
304.674632281065,2026-10-02T09:15:01.845290+00:00,state-p131072-k131072-read,94.5,95.0,55.85,2643,2000.0,100
305.68474915390834,2026-10-02T09:15:02.855417+00:00,state-p131072-k131072-read,94.625,93.0,55.85,2638,2000.0,100
306.69267023797147,2026-10-02T09:15:03.863332+00:00,state-p131072-k131072-read,94.875,94.0,55.85,2637,2000.0,100
307.70265864091925,2026-10-02T09:15:04.873312+00:00,state-p131072-k131072-read,95.0,94.0,55.85,2636,2000.0,100
308.7106590580661,2026-10-02T09:15:05.881322+00:00,state-p131072-k131072-read,95.125,98.0,55.85,2640,2014.159,100
309.72276918101124,2026-10-02T09:15:06.893430+00:00,state-p131072-k131072-read,95.25,94.0,54.85,2634,2000.0,100
310.7308968799189,2026-10-02T09:15:07.901555+00:00,state-p131072-k131072-read,95.375,94.0,54.85,2636,2000.0,100
311.7387532610446,2026-10-02T09:15:08.909407+00:00,state-p131072-k131072-read,95.5,95.0,54.85,2643,2000.0,100
312.7466769120656,2026-10-02T09:15:09.917345+00:00,state-p131072-k131072-read,95.625,96.0,54.85,2635,2000.0,100
313.7546464649495,2026-10-02T09:15:10.925301+00:00,state-p131072-k131072-read,95.75,94.0,54.85,2634,2000.0,100
314.76274790707976,2026-10-02T09:15:11.933405+00:00,state-p131072-k131072-read,95.875,95.0,54.85,2639,2000.0,100
315.77100852597505,2026-10-02T09:15:12.941667+00:00,state-p131072-k131072-read,96.125,96.0,54.85,2632,2000.0,100
316.7788966500666,2026-10-02T09:15:13.949505+00:00,state-p131072-k131072-read,96.125,95.0,54.85,2633,2000.0,100
317.7868581949733,2026-10-02T09:15:14.957517+00:00,state-p131072-k131072-read,96.25,98.0,54.85,2638,2000.0,100
318.7947244849056,2026-10-02T09:15:15.965390+00:00,state-p131072-k131072-read,96.375,95.0,54.85,2631,2000.0,100
319.8018292519264,2026-10-02T09:15:16.972475+00:00,state-p131072-k131072-read,96.375,97.0,54.85,2631,2000.0,100
320.80993408104405,2026-10-02T09:15:17.980592+00:00,state-p131072-k131072-read,96.375,96.0,54.85,2632,2000.0,100
321.8179339049384,2026-10-02T09:15:18.988602+00:00,state-p131072-k131072-read,96.375,95.0,54.85,2630,2000.0,100
322.82502298103645,2026-10-02T09:15:19.995685+00:00,state-p131072-k131072-read,96.375,95.0,54.85,2628,2000.0,100
323.83282307791524,2026-10-02T09:15:21.003476+00:00,state-p131072-k131072-read,96.375,95.0,54.85,2630,2311.378,100
324.84100189595483,2026-10-02T09:15:22.011665+00:00,state-p131072-k131072-read,96.375,97.0,54.85,2631,2000.0,100
325.85012904694304,2026-10-02T09:15:23.020791+00:00,state-p131072-k131072-read,96.25,96.0,54.85,2631,2000.0,100
326.8578914129175,2026-10-02T09:15:24.028551+00:00,state-p131072-k131072-read,96.25,96.0,54.85,2629,2000.0,100
327.8659704220481,2026-10-02T09:15:25.036639+00:00,state-p131072-k131072-read,96.25,97.0,54.85,2629,2000.0,100
328.87384379003197,2026-10-02T09:15:26.044477+00:00,state-p131072-k131072-read,96.25,95.0,54.85,2631,2000.0,100
329.88193694502115,2026-10-02T09:15:27.052595+00:00,state-p131072-k131072-read,96.25,94.0,54.85,2637,2000.0,100
330.8901432680432,2026-10-02T09:15:28.060809+00:00,state-p131072-k131072-read,96.125,96.0,54.85,2637,2000.0,100
331.8979189679958,2026-10-02T09:15:29.068581+00:00,state-p131072-k131072-read,96.25,97.0,54.85,2637,2000.0,100
332.90613592695445,2026-10-02T09:15:30.076792+00:00,state-p131072-k131072-read,96.125,96.0,54.85,2640,2000.0,100
333.91414678492583,2026-10-02T09:15:31.084814+00:00,state-p131072-k131072-read,96.25,95.0,54.85,2639,2000.0,100
334.92175755789503,2026-10-02T09:15:32.092417+00:00,state-p131072-k131072-read,96.25,96.0,54.85,2637,2015.307,100
335.93210422899574,2026-10-02T09:15:33.102759+00:00,state-p131072-k131072-read,96.25,96.0,54.85,2638,2000.0,100
336.94023434096016,2026-10-02T09:15:34.110903+00:00,state-p131072-k131072-read,96.25,97.0,54.85,2638,2000.0,100
337.9478858120274,2026-10-02T09:15:35.118546+00:00,state-p131072-k131072-read,96.25,96.0,54.85,2639,2000.0,100
338.9561097570695,2026-10-02T09:15:36.126757+00:00,state-p131072-k131072-read,96.25,96.0,55.85,2637,2000.0,100
339.964067192981,2026-10-02T09:15:37.134735+00:00,state-p131072-k131072-read,96.25,96.0,54.85,2635,2000.0,100
340.97206694004126,2026-10-02T09:15:38.142726+00:00,state-p131072-k131072-read,96.25,94.0,54.85,2635,2000.0,100
341.9801755370572,2026-10-02T09:15:39.150836+00:00,state-p131072-k131072-read,96.25,94.0,54.85,2641,2000.0,100
342.9880709729623,2026-10-02T09:15:40.158739+00:00,state-p131072-k131072-read,96.25,94.0,55.85,2638,2000.0,100
343.99613672704436,2026-10-02T09:15:41.166791+00:00,state-p131072-k131072-read,96.25,94.0,54.85,2637,2000.0,100
345.00412546587177,2026-10-02T09:15:42.174776+00:00,state-p131072-k131072-read,96.25,94.0,55.85,2640,2000.0,100
346.0133595690131,2026-10-02T09:15:43.184028+00:00,state-p131072-k131072-read,96.25,97.0,55.85,2637,2000.0,100
347.02103797206655,2026-10-02T09:15:44.191698+00:00,state-p131072-k131072-read,96.25,96.0,55.85,2638,2000.0,100
348.02920099394396,2026-10-02T09:15:45.199843+00:00,state-p131072-k131072-read,96.25,99.0,55.85,2643,2000.0,100
349.037352578016,2026-10-02T09:15:46.208018+00:00,state-p131072-k131072-read,96.375,95.0,55.85,2635,2000.0,100
350.0450754589401,2026-10-02T09:15:47.215738+00:00,state-p131072-k131072-read,96.375,95.0,55.85,2631,2000.0,100
351.053236017935,2026-10-02T09:15:48.223885+00:00,state-p131072-k131072-read,96.375,97.0,55.85,2639,2000.0,100
352.0612950839568,2026-10-02T09:15:49.231962+00:00,state-p131072-k131072-read,96.375,96.0,55.85,2635,2000.0,100
353.06920654606074,2026-10-02T09:15:50.239868+00:00,state-p131072-k131072-read,96.375,95.0,55.85,2635,2000.0,100
354.07716672006063,2026-10-02T09:15:51.247815+00:00,state-p131072-k131072-read,96.375,95.0,55.85,2634,2000.0,100
355.08510131808,2026-10-02T09:15:52.255769+00:00,state-p131072-k131072-read,96.375,95.0,55.85,2628,2000.0,100
356.0931427939795,2026-10-02T09:15:53.263802+00:00,state-p131072-k131072-read,96.5,95.0,55.85,2631,2000.0,100
357.10122485202737,2026-10-02T09:15:54.271882+00:00,state-p131072-k131072-read,96.5,96.0,55.85,2634,2000.0,100
358.1094029999804,2026-10-02T09:15:55.280057+00:00,state-p131072-k131072-read,96.5,95.0,55.85,2630,2000.0,100
359.11733330902644,2026-10-02T09:15:56.287996+00:00,state-p131072-k131072-read,96.5,95.0,55.85,2629,2000.0,100
360.12515413202345,2026-10-02T09:15:57.295821+00:00,state-p131072-k131072-read,96.5,97.0,55.85,2629,2000.0,100
361.1333282880951,2026-10-02T09:15:58.303984+00:00,state-p131072-k131072-read,96.5,97.0,55.85,2632,2000.0,100
362.14129137294367,2026-10-02T09:15:59.311955+00:00,state-p131072-k131072-read,96.625,97.0,55.85,2627,2000.0,100
363.14930870896205,2026-10-02T09:16:00.319976+00:00,state-p131072-k131072-read,96.5,95.0,55.85,2628,2000.0,100
364.15711157303303,2026-10-02T09:16:01.327775+00:00,state-p131072-k131072-read,96.625,97.0,55.85,2628,2000.0,100
365.16525690001436,2026-10-02T09:16:02.335917+00:00,state-p131072-k131072-read,96.625,97.0,55.85,2634,2000.0,100
366.17425627307966,2026-10-02T09:16:03.344924+00:00,state-p131072-k131072-read,96.625,97.0,55.85,2630,2000.0,100
367.18249833304435,2026-10-02T09:16:04.353154+00:00,state-p131072-k131072-read,96.625,97.0,55.85,2625,2000.0,100
368.19049265189096,2026-10-02T09:16:05.361154+00:00,state-p131072-k131072-read,96.625,97.0,55.85,2631,2000.0,100
369.1984469050076,2026-10-02T09:16:06.369105+00:00,state-p131072-k131072-read,96.625,96.0,55.85,2628,2000.0,100
370.2064509289339,2026-10-02T09:16:07.377113+00:00,state-p131072-k131072-read,96.75,95.0,55.85,2628,2000.0,100
371.21448652492836,2026-10-02T09:16:08.385143+00:00,state-p131072-k131072-read,96.75,97.0,55.85,2637,2000.0,100
372.22239497792907,2026-10-02T09:16:09.393060+00:00,state-p131072-k131072-read,96.75,96.0,55.85,2628,2000.0,100
373.23025749390945,2026-10-02T09:16:10.400919+00:00,state-p131072-k131072-read,96.875,97.0,55.85,2631,2000.0,100
374.2384772419464,2026-10-02T09:16:11.409144+00:00,state-p131072-k131072-read,96.75,95.0,55.85,2628,2000.0,100
375.2463153039571,2026-10-02T09:16:12.416975+00:00,state-p131072-k131072-read,96.75,96.0,55.85,2622,2000.0,100
376.2553329518996,2026-10-02T09:16:13.425995+00:00,state-p131072-k131072-read,96.75,96.0,55.85,2628,2000.0,100
377.26343394094147,2026-10-02T09:16:14.434101+00:00,state-p131072-k131072-read,96.75,95.0,55.85,2625,2000.0,100
378.2716017810162,2026-10-02T09:16:15.442259+00:00,state-p131072-k131072-read,96.875,95.0,56.85,2623,2000.0,100
379.27943498292007,2026-10-02T09:16:16.450089+00:00,state-p131072-k131072-read,95.0,84.0,55.85,2633,5025.282,94
380.287199530052,2026-10-02T09:16:17.457855+00:00,state-p131072-k131072-read,92.125,82.0,56.85,2638,4926.932,81
381.29371693893336,2026-10-02T09:16:18.464378+00:00,state-p131072-k131072-read,91.125,69.0,55.85,2428,5019.909,65
382.3006894949358,2026-10-02T09:16:19.471346+00:00,state-p131072-k131072-read,93.5,97.0,56.85,2565,4981.945,87
383.3110207510181,2026-10-02T09:16:20.481681+00:00,state-p131072-k131072-read,96.25,97.0,56.85,2639,4977.968,95
384.32030997099355,2026-10-02T09:16:21.490957+00:00,state-p131072-k131072-read,96.75,100.0,55.85,2603,4936.066,95
385.32782427803613,2026-10-02T09:16:22.498484+00:00,state-p131072-k131072-read,97.625,98.0,56.85,2640,2757.628,98
386.33615569304675,2026-10-02T09:16:23.506817+00:00,state-p131072-k131072-read,97.875,95.0,56.85,2644,2021.228,99
387.3437467429321,2026-10-02T09:16:24.514403+00:00,state-p131072-k131072-read,97.25,95.0,56.85,2628,2000.0,100
388.3515633388888,2026-10-02T09:16:25.522215+00:00,state-p131072-k131072-read,97.0,96.0,56.85,2631,2000.0,100
389.35960248997435,2026-10-02T09:16:26.530260+00:00,state-p131072-k131072-read,97.0,96.0,56.85,2626,2000.0,100
390.3676243738737,2026-10-02T09:16:27.538279+00:00,state-p131072-k131072-read,96.875,97.0,56.85,2625,2000.0,100
391.37569810892455,2026-10-02T09:16:28.546350+00:00,state-p131072-k131072-read,97.0,96.0,56.85,2628,2000.0,100
392.3834918749053,2026-10-02T09:16:29.554159+00:00,state-p131072-k131072-read,97.125,94.0,56.85,2626,2000.0,100
393.3917814078741,2026-10-02T09:16:30.562443+00:00,state-p131072-k131072-read,97.125,96.0,56.85,2624,2000.0,100
394.3994822120294,2026-10-02T09:16:31.570138+00:00,state-p131072-k131072-read,97.125,96.0,56.85,2627,2000.0,100
395.4076757840812,2026-10-02T09:16:32.578334+00:00,state-p131072-k131072-read,97.125,95.0,56.85,2632,2000.0,100
396.41579313902184,2026-10-02T09:16:33.586461+00:00,state-p131072-k131072-read,97.0,96.0,56.85,2624,2000.0,100
397.423490680987,2026-10-02T09:16:34.594152+00:00,state-p131072-k131072-read,97.125,98.0,56.85,2624,2000.0,100
398.4317623169627,2026-10-02T09:16:35.602421+00:00,state-p131072-k131072-read,97.125,97.0,56.85,2629,2015.849,100
399.4397286248859,2026-10-02T09:16:36.610382+00:00,state-p131072-k131072-read,97.0,98.0,56.85,2623,2000.0,100
400.44779692194425,2026-10-02T09:16:37.618445+00:00,state-p131072-k131072-read,97.125,96.0,56.85,2622,2000.0,100
401.45570382708684,2026-10-02T09:16:38.626357+00:00,state-p131072-k131072-read,97.0,99.0,56.85,2585,2093.036,97
402.4638742459938,2026-10-02T09:16:39.634542+00:00,state-p131072-k131072-read,97.25,95.0,56.85,2609,2000.0,99
403.47154442290775,2026-10-02T09:16:40.642207+00:00,state-p131072-k131072-read,97.0,97.0,56.85,2617,2000.0,100
404.47863306989893,2026-10-02T09:16:41.649297+00:00,state-p131072-k131072-read,97.0,98.0,56.85,2624,2000.0,100
405.4859743108973,2026-10-02T09:16:42.656630+00:00,state-p131072-k131072-read,96.875,97.0,56.85,2633,2000.0,100
406.49485061806627,2026-10-02T09:16:43.665517+00:00,state-p131072-k131072-read,96.875,95.0,56.85,2627,2000.0,100
407.502750556916,2026-10-02T09:16:44.673395+00:00,state-p131072-k131072-read,96.875,95.0,56.85,2626,2000.0,100
408.5108528928831,2026-10-02T09:16:45.681475+00:00,state-p131072-k131072-read,96.875,95.0,56.85,2631,2000.0,100
409.51878465595655,2026-10-02T09:16:46.689452+00:00,state-p131072-k131072-read,96.875,95.0,56.85,2626,2000.0,100
410.5267310710624,2026-10-02T09:16:47.697393+00:00,state-p131072-k131072-read,96.75,96.0,56.85,2626,2000.0,100
411.5347134768963,2026-10-02T09:16:48.705369+00:00,state-p131072-k131072-read,96.875,96.0,56.85,2631,2000.0,100
412.54274781397544,2026-10-02T09:16:49.713416+00:00,state-p131072-k131072-read,96.875,96.0,56.85,2626,2000.0,100
413.5507767039817,2026-10-02T09:16:50.721438+00:00,state-p131072-k131072-read,96.875,95.0,56.85,2624,2000.0,100
414.5586782300379,2026-10-02T09:16:51.729324+00:00,state-p131072-k131072-read,96.875,98.0,56.85,2631,2000.0,100
415.56690732808784,2026-10-02T09:16:52.737575+00:00,state-p131072-k131072-read,96.875,98.0,56.85,2627,2000.0,100
416.57577846897766,2026-10-02T09:16:53.746438+00:00,state-p131072-k131072-read,96.875,97.0,56.85,2626,2000.0,100
417.5839485828765,2026-10-02T09:16:54.754600+00:00,state-p131072-k131072-read,96.875,96.0,56.85,2629,2000.0,100
418.59227131609805,2026-10-02T09:16:55.762938+00:00,state-p131072-k131072-read,96.875,95.0,56.85,2626,2000.0,100
419.59971448709257,2026-10-02T09:16:56.770370+00:00,state-p131072-k131072-read,96.875,96.0,56.85,2627,2000.0,100
420.6078993889969,2026-10-02T09:16:57.778559+00:00,state-p131072-k131072-read,96.875,96.0,56.85,2629,2000.0,100
421.6161262409296,2026-10-02T09:16:58.786784+00:00,state-p131072-k131072-read,96.875,100.0,56.85,2631,2000.0,100
422.62402527593076,2026-10-02T09:16:59.794691+00:00,state-p131072-k131072-read,96.875,95.0,56.85,2626,2000.0,100
423.63213439588435,2026-10-02T09:17:00.802796+00:00,state-p131072-k131072-read,97.0,95.0,56.85,2627,2000.0,100
424.6400173660368,2026-10-02T09:17:01.810667+00:00,state-p131072-k131072-read,97.0,98.0,57.85,2633,2000.0,100
425.6480628629215,2026-10-02T09:17:02.818730+00:00,state-p131072-k131072-read,96.875,95.0,56.85,2624,2013.813,100
426.65872549195774,2026-10-02T09:17:03.829312+00:00,state-p131072-k131072-read,97.0,96.0,56.85,2627,2165.952,100
427.6687163140159,2026-10-02T09:17:04.839317+00:00,state-p131072-k131072-read,97.0,96.0,57.85,2635,2147.856,100
428.6770274799783,2026-10-02T09:17:05.847678+00:00,state-p131072-k131072-read,97.0,97.0,57.85,2627,2334.469,100
429.6851122248918,2026-10-02T09:17:06.855773+00:00,state-p131072-k131072-read,97.0,97.0,57.85,2630,2000.0,100
430.6930358069949,2026-10-02T09:17:07.863693+00:00,state-p131072-k131072-read,97.0,95.0,57.85,2638,2000.0,100
431.70085830497555,2026-10-02T09:17:08.871526+00:00,state-p131072-k131072-read,97.0,98.0,56.85,2629,2000.0,100
432.70808619400486,2026-10-02T09:17:09.878749+00:00,state-p131072-k131072-read,97.125,97.0,56.85,2628,2000.0,100
433.7161600580439,2026-10-02T09:17:10.886816+00:00,state-p131072-k131072-read,97.125,98.0,56.85,2637,2000.0,100
434.72416314692236,2026-10-02T09:17:11.894830+00:00,state-p131072-k131072-read,96.5,95.0,56.85,2606,2000.0,100
435.7321658988949,2026-10-02T09:17:12.902825+00:00,state-p131072-k131072-read,95.875,94.0,57.85,2543,2000.0,98
436.7411874909885,2026-10-02T09:17:13.911828+00:00,state-p131072-k131072-read,95.125,90.0,57.85,2560,2000.0,99
437.74931561294943,2026-10-02T09:17:14.919984+00:00,state-p131072-k131072-read,94.5,93.0,56.85,2557,2000.0,100
438.7569607719779,2026-10-02T09:17:15.927624+00:00,state-p131072-k131072-read,94.0,94.0,57.85,2558,2000.0,100
439.7651523069944,2026-10-02T09:17:16.935821+00:00,state-p131072-k131072-read,93.625,91.0,56.85,2551,2000.0,100
440.7729762750678,2026-10-02T09:17:17.943638+00:00,state-p131072-k131072-read,93.25,92.0,57.85,2547,2000.0,100
441.7810290278867,2026-10-02T09:17:18.951694+00:00,state-p131072-k131072-read,92.875,93.0,57.85,2546,2000.0,100
442.78911920194514,2026-10-02T09:17:19.959781+00:00,state-p131072-k131072-read,92.5,93.0,57.85,2538,2000.0,100
443.79716707998887,2026-10-02T09:17:20.967832+00:00,state-p131072-k131072-read,92.25,91.0,57.85,2535,2000.0,100
444.80509105394594,2026-10-02T09:17:21.975751+00:00,state-p131072-k131072-read,92.0,92.0,57.85,2535,2000.0,100
445.8131568559911,2026-10-02T09:17:22.983824+00:00,state-p131072-k131072-read,91.875,92.0,56.85,2527,2000.0,100
446.82212929194793,2026-10-02T09:17:23.992791+00:00,state-p131072-k131072-read,91.75,90.0,57.85,2525,2000.0,100
447.83015366992913,2026-10-02T09:17:25.000818+00:00,state-p131072-k131072-read,91.625,92.0,57.85,2530,2000.0,100
448.83827941608615,2026-10-02T09:17:26.008941+00:00,state-p131072-k131072-read,91.5,91.0,57.85,2518,2000.0,100
449.8462448299397,2026-10-02T09:17:27.016908+00:00,state-p131072-k131072-read,91.625,92.0,57.85,2519,2000.0,100
450.8541553679388,2026-10-02T09:17:28.024795+00:00,state-p131072-k131072-read,91.375,91.0,57.85,2519,2000.0,100
451.8626077910885,2026-10-02T09:17:29.033274+00:00,state-p131072-k131072-read,91.375,90.0,57.85,2512,2000.0,100
452.8701364349108,2026-10-02T09:17:30.040796+00:00,state-p131072-k131072-read,91.875,91.0,57.85,2472,2000.0,97
453.8783428200986,2026-10-02T09:17:31.049011+00:00,state-p131072-k131072-read,91.75,91.0,57.85,2491,2000.0,99
454.88608111208305,2026-10-02T09:17:32.056741+00:00,state-p131072-k131072-read,91.625,90.0,57.85,2501,2000.0,100
455.89731475804,2026-10-02T09:17:33.067973+00:00,state-p131072-k131072-read,91.625,90.0,57.85,2513,2000.0,100
456.90619327896275,2026-10-02T09:17:34.076861+00:00,state-p131072-k131072-read,91.625,92.0,57.85,2506,2000.0,100
457.9142692470923,2026-10-02T09:17:35.084930+00:00,state-p131072-k131072-read,91.625,92.0,57.85,2509,2000.0,100
458.92244943394326,2026-10-02T09:17:36.093110+00:00,state-p131072-k131072-read,91.75,91.0,57.85,2514,2000.0,100
459.93026497401297,2026-10-02T09:17:37.100930+00:00,state-p131072-k131072-read,91.75,91.0,57.85,2504,2000.0,100
460.93838357692584,2026-10-02T09:17:38.109040+00:00,state-p131072-k131072-read,91.75,90.0,57.85,2508,2000.0,100
461.9463947759941,2026-10-02T09:17:39.117063+00:00,state-p131072-k131072-read,91.75,92.0,57.85,2504,2000.0,100
462.95460876007564,2026-10-02T09:17:40.125272+00:00,state-p131072-k131072-read,91.75,92.0,57.85,2503,2000.0,100
463.9625857239589,2026-10-02T09:17:41.133246+00:00,state-p131072-k131072-read,91.75,90.0,57.85,2509,2000.0,100
464.97035562596284,2026-10-02T09:17:42.141019+00:00,state-p131072-k131072-read,91.75,92.0,57.85,2503,2000.0,100
465.97835554392077,2026-10-02T09:17:43.149015+00:00,state-p131072-k131072-read,91.75,91.0,57.85,2502,2000.0,100
466.98735778289847,2026-10-02T09:17:44.158014+00:00,state-p131072-k131072-read,91.75,91.0,57.85,2508,2000.0,100
467.9954659109935,2026-10-02T09:17:45.166134+00:00,state-p131072-k131072-read,91.75,92.0,57.85,2501,2000.0,100
469.0033539880533,2026-10-02T09:17:46.174010+00:00,state-p131072-k131072-read,91.875,90.0,57.85,2502,2000.0,100
470.0115888870787,2026-10-02T09:17:47.182256+00:00,state-p131072-k131072-read,91.875,91.0,57.85,2500,2000.0,100
471.019452129025,2026-10-02T09:17:48.190112+00:00,state-p131072-k131072-read,91.875,92.0,57.85,2500,2000.0,100
472.02778228907846,2026-10-02T09:17:49.198442+00:00,state-p131072-k131072-read,91.875,92.0,57.85,2505,2000.0,100
473.03552427887917,2026-10-02T09:17:50.206192+00:00,state-p131072-k131072-read,92.0,90.0,57.85,2499,2000.0,100
474.0434630960226,2026-10-02T09:17:51.214122+00:00,state-p131072-k131072-read,91.875,91.0,57.85,2499,2000.0,100
475.0514660619665,2026-10-02T09:17:52.222121+00:00,state-p131072-k131072-read,91.875,93.0,57.85,2502,2000.0,100
476.0594874690287,2026-10-02T09:17:53.230154+00:00,state-p131072-k131072-read,91.875,93.0,57.85,2497,2000.0,100
477.06764231505804,2026-10-02T09:17:54.238298+00:00,state-p131072-k131072-read,91.875,90.0,57.85,2500,2000.0,100
478.0754495339934,2026-10-02T09:17:55.246117+00:00,state-p131072-k131072-read,91.875,90.0,57.85,2498,2000.0,100
479.08248555799946,2026-10-02T09:17:56.253137+00:00,state-p131072-k131072-read,90.875,78.0,57.85,2603,4981.93,89
480.0888007469475,2026-10-02T09:17:57.259450+00:00,state-p131072-k131072-read,92.5,85.0,57.85,2636,4918.682,84
481.0963569590822,2026-10-02T09:17:58.267009+00:00,state-p131072-k131072-read,92.625,93.0,57.85,2505,2000.0,84
482.1037945379503,2026-10-02T09:17:59.274455+00:00,state-p131072-k131072-read,92.875,92.0,57.85,2520,2000.0,94
483.11147886002436,2026-10-02T09:18:00.282148+00:00,state-p131072-k131072-read,93.125,92.0,57.85,2537,2000.0,98
484.1187105688732,2026-10-02T09:18:01.289369+00:00,state-p131072-k131072-read,93.25,93.0,57.85,2540,2000.0,99
485.12657878990285,2026-10-02T09:18:02.297239+00:00,state-p131072-k131072-read,93.375,93.0,57.85,2539,2000.0,100
486.134654507041,2026-10-02T09:18:03.305314+00:00,state-p131072-k131072-read,93.375,93.0,57.85,2539,2000.0,100
487.14284160290845,2026-10-02T09:18:04.313509+00:00,state-p131072-k131072-read,93.25,92.0,57.85,2526,2000.0,100
488.15052462602034,2026-10-02T09:18:05.321189+00:00,state-p131072-k131072-read,93.25,93.0,57.85,2525,2000.0,100
489.15859854896553,2026-10-02T09:18:06.329254+00:00,state-p131072-k131072-read,93.25,94.0,57.85,2525,2308.984,100
490.1667105529923,2026-10-02T09:18:07.337377+00:00,state-p131072-k131072-read,93.125,92.0,57.85,2515,2000.0,100
491.17456520698033,2026-10-02T09:18:08.345206+00:00,state-p131072-k131072-read,93.0,92.0,57.85,2513,2000.0,100
492.1825849879533,2026-10-02T09:18:09.353246+00:00,state-p131072-k131072-read,93.0,93.0,57.85,2516,2000.0,100
493.19096767995507,2026-10-02T09:18:10.361636+00:00,state-p131072-k131072-read,93.0,93.0,57.85,2509,2000.0,100
494.198610646883,2026-10-02T09:18:11.369272+00:00,state-p131072-k131072-read,93.0,94.0,57.85,2509,2000.0,100
495.2066238739062,2026-10-02T09:18:12.377282+00:00,state-p131072-k131072-read,92.875,92.0,57.85,2510,2000.0,100
496.2146279430017,2026-10-02T09:18:13.385295+00:00,state-p131072-k131072-read,92.875,93.0,57.85,2507,2000.0,100
497.22279047989286,2026-10-02T09:18:14.393453+00:00,state-p131072-k131072-read,92.75,92.0,57.85,2506,2000.0,100
498.2306826869026,2026-10-02T09:18:15.401345+00:00,state-p131072-k131072-read,92.75,92.0,57.85,2508,2000.0,100
499.2387607700657,2026-10-02T09:18:16.409408+00:00,state-p131072-k131072-read,92.75,90.0,57.85,2506,2000.0,100
500.2478295948822,2026-10-02T09:18:17.418497+00:00,state-p131072-k131072-read,92.75,92.0,57.85,2501,2000.0,100
501.25576108694077,2026-10-02T09:18:18.426426+00:00,state-p131072-k131072-read,92.625,92.0,57.85,2506,2000.0,100
502.2638013069518,2026-10-02T09:18:19.434439+00:00,state-p131072-k131072-read,92.5,92.0,57.85,2508,2000.0,100
503.2719177370891,2026-10-02T09:18:20.442585+00:00,state-p131072-k131072-read,92.625,92.0,57.85,2501,2000.0,100
504.34700228692964,2026-10-02T09:18:21.517656+00:00,state-p131072-k131072-read,92.625,92.0,57.85,2502,2015.403,100
505.35484131006524,2026-10-02T09:18:22.525501+00:00,state-p131072-k131072-read,92.625,92.0,57.85,2507,2000.0,100
506.36283176997676,2026-10-02T09:18:23.533499+00:00,state-p131072-k131072-read,92.625,92.0,57.85,2500,2000.0,100
507.3707399950363,2026-10-02T09:18:24.541402+00:00,state-p131072-k131072-read,92.625,92.0,57.85,2503,2000.0,100
508.37790640397,2026-10-02T09:18:25.548563+00:00,state-p131072-k131072-read,92.625,94.0,57.85,2508,2000.0,100
509.3859791669529,2026-10-02T09:18:26.556646+00:00,state-p131072-k131072-read,92.625,91.0,57.85,2500,2000.0,100
510.39374073198996,2026-10-02T09:18:27.564397+00:00,state-p131072-k131072-read,92.625,91.0,57.85,2498,2000.0,100
511.40103196306154,2026-10-02T09:18:28.571689+00:00,state-p131072-k131072-read,92.625,91.0,57.85,2505,2000.0,100
512.4088408299722,2026-10-02T09:18:29.579508+00:00,state-p131072-k131072-read,92.625,92.0,57.85,2498,2000.0,100
513.4158913029823,2026-10-02T09:18:30.586538+00:00,state-p131072-k131072-read,92.625,91.0,57.85,2499,2000.0,100
514.4231303408742,2026-10-02T09:18:31.593778+00:00,state-p131072-k131072-read,92.625,91.0,57.85,2506,2000.0,100
515.4310216519516,2026-10-02T09:18:32.601689+00:00,state-p131072-k131072-read,92.625,92.0,57.85,2499,2000.0,100
516.4380167119671,2026-10-02T09:18:33.608679+00:00,state-p131072-k131072-read,92.75,92.0,57.85,2501,2000.0,100
517.4469682539348,2026-10-02T09:18:34.617621+00:00,state-p131072-k131072-read,92.625,94.0,58.85,2506,2000.0,100
518.4553138259798,2026-10-02T09:18:35.625982+00:00,state-p131072-k131072-read,92.625,93.0,57.85,2497,2000.0,100
519.4630049110856,2026-10-02T09:18:36.633662+00:00,state-p131072-k131072-read,92.75,91.0,57.85,2497,2000.0,100
520.4712468399666,2026-10-02T09:18:37.641903+00:00,state-p131072-k131072-read,92.75,92.0,57.85,2503,2000.0,100
521.478925639065,2026-10-02T09:18:38.649593+00:00,state-p131072-k131072-read,92.75,92.0,57.85,2496,2000.0,100
522.4868825310841,2026-10-02T09:18:39.657545+00:00,state-p131072-k131072-read,92.875,93.0,57.85,2500,2000.0,100
523.4951068370137,2026-10-02T09:18:40.665752+00:00,state-p131072-k131072-read,92.75,93.0,58.85,2502,2000.0,100
524.5030873119831,2026-10-02T09:18:41.673755+00:00,state-p131072-k131072-read,92.75,92.0,57.85,2498,2000.0,100
525.5109507020097,2026-10-02T09:18:42.681607+00:00,state-p131072-k131072-read,92.875,93.0,57.85,2500,2000.0,100
526.519118825905,2026-10-02T09:18:43.689785+00:00,state-p131072-k131072-read,92.75,91.0,58.85,2499,2199.419,100
527.5300116071012,2026-10-02T09:18:44.700677+00:00,state-p131072-k131072-read,92.75,92.0,57.85,2496,2000.0,100
528.5380055799615,2026-10-02T09:18:45.708666+00:00,state-p131072-k131072-read,92.875,91.0,57.85,2502,2000.0,100
529.5463195240591,2026-10-02T09:18:46.716988+00:00,state-p131072-k131072-read,92.875,92.0,57.85,2501,2000.0,100
530.5541710350662,2026-10-02T09:18:47.724832+00:00,state-p131072-k131072-read,93.0,93.0,58.85,2501,2000.0,100
531.5620729650836,2026-10-02T09:18:48.732738+00:00,state-p131072-k131072-read,93.0,93.0,58.85,2507,2000.0,100
532.5702903280035,2026-10-02T09:18:49.740960+00:00,state-p131072-k131072-read,93.0,91.0,58.85,2500,2000.0,100
533.5782611810137,2026-10-02T09:18:50.748916+00:00,state-p131072-k131072-read,93.0,93.0,58.85,2499,2000.0,100
534.5932174820919,2026-10-02T09:18:51.763872+00:00,state-p131072-k131072-read,93.0,92.0,58.85,2506,2000.0,100
535.6015133690089,2026-10-02T09:18:52.772181+00:00,state-p131072-k131072-read,92.875,93.0,58.85,2501,2000.0,100
536.6091701060068,2026-10-02T09:18:53.779827+00:00,state-p131072-k131072-read,93.0,91.0,58.85,2501,2000.0,100
537.6172955310903,2026-10-02T09:18:54.787934+00:00,state-p131072-k131072-read,93.0,98.0,58.85,2462,2000.0,96
538.625270192977,2026-10-02T09:18:55.795935+00:00,state-p131072-k131072-read,93.25,91.0,58.85,2481,2061.14,99
539.6334311610553,2026-10-02T09:18:56.804079+00:00,state-p131072-k131072-read,93.25,92.0,58.85,2495,2000.0,99
540.6412902988959,2026-10-02T09:18:57.811938+00:00,state-p131072-k131072-read,93.125,89.0,58.85,2503,2016.878,100
541.6492645470425,2026-10-02T09:18:58.819933+00:00,state-p131072-k131072-read,93.125,93.0,57.85,2501,2000.0,100
542.6563413629774,2026-10-02T09:18:59.827000+00:00,state-p131072-k131072-read,93.125,93.0,57.85,2502,2000.0,100
543.6642517459113,2026-10-02T09:19:00.834917+00:00,state-p131072-k131072-read,93.0,92.0,58.85,2500,2000.0,100
544.67141743307,2026-10-02T09:19:01.842069+00:00,state-p131072-k131072-read,93.0,94.0,58.85,2500,2000.0,100
545.679419426946,2026-10-02T09:19:02.850073+00:00,state-p131072-k131072-read,93.0,91.0,58.85,2506,2000.0,100
546.6872286680155,2026-10-02T09:19:03.857896+00:00,state-p131072-k131072-read,93.0,92.0,58.85,2501,2000.0,100
547.696317892056,2026-10-02T09:19:04.866973+00:00,state-p131072-k131072-read,93.125,93.0,58.85,2500,2000.0,100
548.7044065690134,2026-10-02T09:19:05.875058+00:00,state-p131072-k131072-read,93.125,92.0,58.85,2506,2000.0,100
549.712502367096,2026-10-02T09:19:06.883166+00:00,state-p131072-k131072-read,93.125,94.0,58.85,2498,2000.0,100
550.7202562768944,2026-10-02T09:19:07.890910+00:00,state-p131072-k131072-read,93.25,91.0,57.85,2499,2000.0,100
551.7284277670551,2026-10-02T09:19:08.899072+00:00,state-p131072-k131072-read,93.125,92.0,58.85,2502,2000.0,100
552.7364612019155,2026-10-02T09:19:09.907128+00:00,state-p131072-k131072-read,93.25,93.0,57.85,2496,2000.0,100
553.7445017891005,2026-10-02T09:19:10.915157+00:00,state-p131072-k131072-read,93.25,92.0,58.85,2501,2000.0,100
554.7524564610794,2026-10-02T09:19:11.923124+00:00,state-p131072-k131072-read,93.25,94.0,58.85,2498,2000.0,100
555.7603281058837,2026-10-02T09:19:12.930990+00:00,state-p131072-k131072-read,93.25,92.0,58.85,2498,2000.0,100
556.7683969780337,2026-10-02T09:19:13.939054+00:00,state-p131072-k131072-read,93.25,93.0,57.85,2504,2000.0,100
557.7775425179861,2026-10-02T09:19:14.948211+00:00,state-p131072-k131072-read,93.25,94.0,58.85,2498,2000.0,100
558.7854070900939,2026-10-02T09:19:15.956070+00:00,state-p131072-k131072-read,93.375,93.0,58.85,2498,2000.0,100
559.7934816060588,2026-10-02T09:19:16.964133+00:00,state-p131072-k131072-read,93.375,94.0,58.85,2502,2000.0,100
560.801519626053,2026-10-02T09:19:17.972188+00:00,state-p131072-k131072-read,93.375,92.0,57.85,2495,2000.0,100
561.8093870119192,2026-10-02T09:19:18.980036+00:00,state-p131072-k131072-read,93.375,91.0,58.85,2497,2000.0,100
562.8173906470183,2026-10-02T09:19:19.988059+00:00,state-p131072-k131072-read,93.25,93.0,58.85,2496,2000.0,100
563.8254549810663,2026-10-02T09:19:20.996119+00:00,state-p131072-k131072-read,93.375,91.0,58.85,2495,2000.0,100
564.8334824680351,2026-10-02T09:19:22.004131+00:00,state-p131072-k131072-read,93.375,93.0,58.85,2498,2000.0,100
565.8416254930198,2026-10-02T09:19:23.012292+00:00,state-p131072-k131072-read,93.375,94.0,58.85,2494,2000.0,100
566.8494179199915,2026-10-02T09:19:24.020077+00:00,state-p131072-k131072-read,93.375,94.0,58.85,2497,2000.0,100
567.8584835710935,2026-10-02T09:19:25.029141+00:00,state-p131072-k131072-read,93.375,92.0,58.85,2498,2000.0,100
568.8665558840148,2026-10-02T09:19:26.037222+00:00,state-p131072-k131072-read,93.375,94.0,58.85,2493,2000.0,100
569.8745319410227,2026-10-02T09:19:27.045192+00:00,state-p131072-k131072-read,93.5,93.0,58.85,2496,2000.0,100
570.8825268689543,2026-10-02T09:19:28.053179+00:00,state-p131072-k131072-read,93.5,95.0,58.85,2498,2000.0,100
571.8906775850337,2026-10-02T09:19:29.061344+00:00,state-p131072-k131072-read,93.375,92.0,58.85,2493,2000.0,100
572.8984264840838,2026-10-02T09:19:30.069080+00:00,state-p131072-k131072-read,93.375,93.0,58.85,2498,2000.0,100
573.9065936228726,2026-10-02T09:19:31.077261+00:00,state-p131072-k131072-read,93.375,93.0,58.85,2492,2000.0,100
574.9144537220709,2026-10-02T09:19:32.085116+00:00,state-p131072-k131072-read,93.5,93.0,58.85,2495,2000.0,100
575.922515546903,2026-10-02T09:19:33.093167+00:00,state-p131072-k131072-read,93.375,94.0,58.85,2499,2000.0,100
576.9306582019199,2026-10-02T09:19:34.101326+00:00,state-p131072-k131072-read,93.375,94.0,58.85,2493,2000.0,100
577.9395894128829,2026-10-02T09:19:35.110246+00:00,state-p131072-k131072-read,93.5,93.0,58.85,2493,2000.0,100
578.947638663929,2026-10-02T09:19:36.118304+00:00,state-p131072-k131072-read,93.375,88.0,58.85,2495,2000.0,100
579.9556314579677,2026-10-02T09:19:37.126260+00:00,state-p131072-k131072-read,92.0,80.0,58.85,2491,4898.897,83
580.9640074709896,2026-10-02T09:19:38.134536+00:00,state-p131072-k131072-read,92.125,71.0,58.85,2355,3416.301,66
581.9745473219082,2026-10-02T09:19:39.145200+00:00,state-p131072-k131072-read,84.25,68.0,58.85,1259,4777.533,24
582.9904584989417,2026-10-02T09:19:40.161110+00:00,state-p131072-k131072-read,78.625,67.0,59.85,855,3577.436,9
584.0081237240229,2026-10-02T09:19:41.178775+00:00,state-p131072-k131072-read,75.0,67.0,58.85,711,3569.939,4
585.0218845489435,2026-10-02T09:19:42.192537+00:00,state-p131072-k131072-read,72.5,66.0,58.85,658,3566.412,2
586.0343006879557,2026-10-02T09:19:43.204908+00:00,state-p131072-k131072-read,70.25,65.0,59.85,631,3416.981,1
587.2363036500756,2026-10-02T09:19:44.406957+00:00,state-p131072-k131072-read,69.0,64.0,58.85,629,3576.851,1
588.2431018939242,2026-10-02T09:19:45.413755+00:00,state-p131072-k131072-read,68.125,64.0,58.85,625,3569.344,0
589.251503650099,2026-10-02T09:19:46.422156+00:00,state-p131072-k131072-read,67.25,63.0,58.85,623,3576.193,0
590.2692948030308,2026-10-02T09:19:47.439948+00:00,core-p8192-off,66.625,63.0,58.85,632,3566.356,1
591.3375701978803,2026-10-02T09:19:48.508220+00:00,core-p8192-off,68.625,63.0,58.85,630,5059.28,1
592.3460708670318,2026-10-02T09:19:49.516722+00:00,core-p8192-off,67.875,63.0,59.85,925,3596.43,6
593.3901481439825,2026-10-02T09:19:50.560793+00:00,core-p8192-off,67.0,63.0,60.85,1254,3545.069,12
594.4376734369434,2026-10-02T09:19:51.608317+00:00,core-p8192-off,66.375,63.0,60.85,1428,3544.293,15
595.477488727076,2026-10-02T09:19:52.648141+00:00,core-p8192-off,66.0,63.0,61.85,1515,3544.308,17
596.5157455860171,2026-10-02T09:19:53.686390+00:00,core-p8192-off,65.625,63.0,61.85,1530,3557.871,16
597.5567452439573,2026-10-02T09:19:54.727400+00:00,core-p8192-off,65.25,62.0,61.85,1478,3573.825,15
598.6022928450257,2026-10-02T09:19:55.772942+00:00,core-p8192-off,64.75,62.0,61.85,1446,3566.2,15
599.6485036369413,2026-10-02T09:19:56.819150+00:00,core-p8192-off,64.5,62.0,62.85,1424,3558.94,14
600.6955188058782,2026-10-02T09:19:57.866167+00:00,core-p8192-off,64.125,62.0,62.85,1443,3575.059,15
601.7379146779422,2026-10-02T09:19:58.908556+00:00,core-p8192-off,63.875,61.0,62.85,1440,3574.285,15
602.7795528150164,2026-10-02T09:19:59.950196+00:00,core-p8192-off,63.625,61.0,62.85,1395,3557.468,14
603.825549111003,2026-10-02T09:20:00.996203+00:00,core-p8192-off,63.5,61.0,62.85,1435,3572.778,15
604.8705322889145,2026-10-02T09:20:02.041183+00:00,core-p8192-off,63.25,61.0,63.85,1486,3567.615,15
605.9146001879126,2026-10-02T09:20:03.085249+00:00,core-p8192-off,63.0,61.0,63.85,1449,3572.387,15
606.9621511010919,2026-10-02T09:20:04.132794+00:00,core-p8192-off,62.75,60.0,63.85,1437,3551.037,14
608.0076681389473,2026-10-02T09:20:05.178309+00:00,core-p8192-off,62.5,60.0,63.85,1395,3571.766,14
609.0533930119127,2026-10-02T09:20:06.224046+00:00,core-p8192-off,62.375,60.0,63.85,1415,3552.924,14
610.0999301809352,2026-10-02T09:20:07.270574+00:00,core-p8192-off,62.125,60.0,63.85,1413,3553.294,15
611.150156541029,2026-10-02T09:20:08.320799+00:00,core-p8192-off,62.0,59.0,64.85,1398,3552.129,14
612.2010500309989,2026-10-02T09:20:09.371690+00:00,core-p8192-off,62.625,77.0,63.85,1569,3568.428,22
613.2116367409471,2026-10-02T09:20:10.382297+00:00,core-p8192-off,78.125,91.0,62.85,2212,3599.902,67
614.2196798499208,2026-10-02T09:20:11.390323+00:00,core-p8192-off,86.5,93.0,62.85,2526,5016.715,87
615.2273189220577,2026-10-02T09:20:12.397981+00:00,core-p8192-off,90.25,92.0,62.85,2645,5025.659,95
616.2393538129982,2026-10-02T09:20:13.410014+00:00,core-p8192-off,92.25,92.0,61.85,2685,5025.667,98
617.2467896349262,2026-10-02T09:20:14.417455+00:00,core-p8192-off,93.75,95.0,61.85,2691,4968.877,99
618.2533936030231,2026-10-02T09:20:15.424046+00:00,core-p8192-off,91.875,80.0,61.85,2788,4947.192,99
619.261866817018,2026-10-02T09:20:16.432532+00:00,core-p8192-off,93.375,77.0,60.85,2859,4947.666,99
620.2692134059034,2026-10-02T09:20:17.439872+00:00,core-p8192-off,94.0,78.0,60.85,2885,4945.31,100
621.2768236990087,2026-10-02T09:20:18.447485+00:00,core-p8192-off,94.5,78.0,60.85,2894,4946.457,100
622.2842202798929,2026-10-02T09:20:19.454880+00:00,core-p8192-off,94.5,78.0,60.85,2898,4962.13,100
623.2913189420942,2026-10-02T09:20:20.461974+00:00,core-p8192-off,92.5,94.0,60.85,2626,4951.046,92
624.300971768098,2026-10-02T09:20:21.471643+00:00,core-p8192-off,94.0,97.0,60.85,2666,4977.33,97
625.3074539909139,2026-10-02T09:20:22.478117+00:00,core-p8192-off,95.5,91.0,59.85,2682,4968.467,99
626.3155543368775,2026-10-02T09:20:23.486219+00:00,core-p8192-off,96.625,98.0,59.85,2687,4988.601,100
627.3229925350752,2026-10-02T09:20:24.493656+00:00,core-p8192-off,97.375,98.0,59.85,2688,4992.506,100
628.3302260800265,2026-10-02T09:20:25.500890+00:00,core-p8192-off,97.25,85.0,59.85,2734,4922.456,100
629.3380033599678,2026-10-02T09:20:26.508644+00:00,core-p8192-off,96.5,81.0,58.85,2839,4944.078,100
630.345918097999,2026-10-02T09:20:27.516577+00:00,core-p8192-off,96.125,80.0,58.85,2878,4923.8,100
631.352942564059,2026-10-02T09:20:28.523606+00:00,core-p8192-off,96.25,80.0,58.85,2892,4918.121,100
632.3601024278905,2026-10-02T09:20:29.530768+00:00,core-p8192-off,96.25,80.0,58.85,2897,4927.433,100
633.3669866218697,2026-10-02T09:20:30.537644+00:00,core-p8192-off,94.375,93.0,58.85,2701,5013.679,91
634.3741209900472,2026-10-02T09:20:31.544787+00:00,core-p8192-off,95.5,93.0,58.85,2666,5005.288,97
635.3809654880315,2026-10-02T09:20:32.551628+00:00,core-p8192-off,96.75,97.0,58.85,2680,4998.455,99
636.3881221679039,2026-10-02T09:20:33.558786+00:00,core-p8192-off,97.625,97.0,57.85,2678,5004.779,100
637.3967232450377,2026-10-02T09:20:34.567388+00:00,core-p8192-off,98.0,99.0,57.85,2672,2143.043,100
638.4042684258893,2026-10-02T09:20:35.574935+00:00,core-p8192-off,97.75,96.0,57.85,2650,2000.0,100
639.4122541858815,2026-10-02T09:20:36.582927+00:00,core-p8192-off,96.5,83.0,57.85,2791,4956.395,99
640.4184273320716,2026-10-02T09:20:37.589081+00:00,core-p8192-off,95.875,81.0,57.85,2831,4921.715,98
641.4261237729806,2026-10-02T09:20:38.596797+00:00,core-p8192-off,95.75,80.0,57.85,2875,4952.846,99
642.4329622620717,2026-10-02T09:20:39.603629+00:00,core-p8192-off,95.875,80.0,57.85,2891,4926.648,100
643.4399087990168,2026-10-02T09:20:40.610575+00:00,core-p8192-off,95.875,80.0,57.85,2897,4947.421,100
644.447029911913,2026-10-02T09:20:41.617689+00:00,core-p8192-off,94.625,96.0,57.85,2661,4999.793,95
645.4542762429919,2026-10-02T09:20:42.624934+00:00,core-p8192-off,96.125,94.0,57.85,2678,4992.954,98
646.4651773339137,2026-10-02T09:20:43.635827+00:00,core-p8192-off,97.125,98.0,57.85,2682,4990.984,99
647.4775806320831,2026-10-02T09:20:44.648245+00:00,core-p8192-off,97.75,99.0,57.85,2674,3970.805,100
648.4851718570571,2026-10-02T09:20:45.655829+00:00,core-p8192-off,97.875,95.0,57.85,2665,2000.0,100
649.493688065093,2026-10-02T09:20:46.664350+00:00,core-p8192-off,96.5,85.0,56.85,2736,4925.771,99
650.5010225810111,2026-10-02T09:20:47.671698+00:00,core-p8192-off,96.25,80.0,56.85,2840,4939.355,100
651.5074266958982,2026-10-02T09:20:48.678091+00:00,core-p8192-off,96.125,80.0,56.85,2878,4920.399,100
652.5144790040795,2026-10-02T09:20:49.685145+00:00,core-p8192-off,96.125,80.0,57.85,2892,4920.537,100
653.5215103740338,2026-10-02T09:20:50.692177+00:00,core-p8192-off,96.125,80.0,56.85,2897,4928.612,100
654.5301843760535,2026-10-02T09:20:51.700793+00:00,core-p8192-off,89.625,66.0,56.85,2093,5084.092,56
655.5438777259551,2026-10-02T09:20:52.714526+00:00,core-p8192-ram,83.875,65.0,57.85,1164,5034.791,21
656.5522335090209,2026-10-02T09:20:53.722881+00:00,core-p8192-ram,81.375,65.0,57.85,851,4931.999,8
657.5902317140717,2026-10-02T09:20:54.760884+00:00,core-p8192-ram,76.0,64.0,57.85,1200,3589.796,12
658.6402881429531,2026-10-02T09:20:55.810937+00:00,core-p8192-ram,72.0,63.0,58.85,1394,3572.872,14
659.6789614500012,2026-10-02T09:20:56.849614+00:00,core-p8192-ram,69.375,63.0,59.85,1518,3570.38,16
660.7172490509693,2026-10-02T09:20:57.887902+00:00,core-p8192-ram,67.5,63.0,59.85,1555,3570.425,17
661.7561584739015,2026-10-02T09:20:58.926812+00:00,core-p8192-ram,66.25,62.0,60.85,1512,3582.235,16
662.8039695878979,2026-10-02T09:20:59.974620+00:00,core-p8192-ram,65.25,61.0,59.85,1442,3570.483,15
663.8501603628974,2026-10-02T09:21:01.020804+00:00,core-p8192-ram,64.375,60.0,60.85,1447,3565.331,15
664.8993349189404,2026-10-02T09:21:02.069984+00:00,core-p8192-ram,63.75,61.0,61.85,1425,3569.989,15
665.9442842248827,2026-10-02T09:21:03.114937+00:00,core-p8192-ram,63.25,60.0,60.85,1468,3571.936,15
666.9880002499558,2026-10-02T09:21:04.158652+00:00,core-p8192-ram,62.75,59.0,61.85,1431,3568.525,15
668.0330389759038,2026-10-02T09:21:05.203690+00:00,core-p8192-ram,62.375,60.0,61.85,1459,3559.628,15
669.0772589689586,2026-10-02T09:21:06.247910+00:00,core-p8192-ram,62.125,60.0,61.85,1422,3568.143,15
670.1233301870525,2026-10-02T09:21:07.293980+00:00,core-p8192-ram,61.875,59.0,62.85,1409,3569.739,14
671.1680550470483,2026-10-02T09:21:08.338706+00:00,core-p8192-ram,61.625,59.0,62.85,1434,3569.729,14
672.2135473750532,2026-10-02T09:21:09.384198+00:00,core-p8192-ram,61.375,59.0,62.85,1391,3563.476,14
673.2625139700249,2026-10-02T09:21:10.433161+00:00,core-p8192-ram,61.25,59.0,62.85,1411,3563.397,14
674.3113051219843,2026-10-02T09:21:11.481956+00:00,core-p8192-ram,61.0,58.0,62.85,1396,3562.19,14
675.3601307540666,2026-10-02T09:21:12.530791+00:00,core-p8192-ram,60.875,58.0,62.85,1430,3562.377,15
676.4064026949927,2026-10-02T09:21:13.577051+00:00,core-p8192-ram,60.625,58.0,63.85,1438,3567.071,15
677.4502802800853,2026-10-02T09:21:14.620937+00:00,core-p8192-ram,69.5,88.0,62.85,1890,3575.901,47
678.4576336550526,2026-10-02T09:21:15.628287+00:00,core-p8192-ram,82.125,92.0,61.85,2403,4968.64,80
679.4651487169322,2026-10-02T09:21:16.635815+00:00,core-p8192-ram,87.75,93.0,61.85,2603,4991.775,93
680.472992959898,2026-10-02T09:21:17.643652+00:00,core-p8192-ram,90.625,93.0,60.85,2672,4998.025,97
681.4806054520886,2026-10-02T09:21:18.651266+00:00,core-p8192-ram,92.25,94.0,60.85,2696,5020.013,99
682.4880770489108,2026-10-02T09:21:19.658724+00:00,core-p8192-ram,92.375,82.0,60.85,2727,5058.673,98
683.4955417779274,2026-10-02T09:21:20.666201+00:00,core-p8192-ram,91.75,78.0,59.85,2837,4952.881,99
684.5020886559505,2026-10-02T09:21:21.672751+00:00,core-p8192-ram,92.75,76.0,59.85,2877,4984.509,99
685.5089665760752,2026-10-02T09:21:22.679632+00:00,core-p8192-ram,93.25,76.0,59.85,2891,4953.222,100
686.5158820559736,2026-10-02T09:21:23.686540+00:00,core-p8192-ram,93.75,76.0,59.85,2897,4955.094,100
687.5231896650512,2026-10-02T09:21:24.693822+00:00,core-p8192-ram,92.625,79.0,59.85,2749,4948.182,90
688.5310832778923,2026-10-02T09:21:25.701741+00:00,core-p8192-ram,93.625,79.0,59.85,2845,4949.644,96
689.5385714638978,2026-10-02T09:21:26.709238+00:00,core-p8192-ram,93.875,77.0,58.85,2880,4945.54,98
690.5465848359745,2026-10-02T09:21:27.717249+00:00,core-p8192-ram,93.625,77.0,58.85,2893,4957.433,99
691.5530160178896,2026-10-02T09:21:28.723682+00:00,core-p8192-ram,94.0,77.0,58.85,2897,4947.989,100
692.5605957759544,2026-10-02T09:21:29.731223+00:00,core-p8192-ram,92.625,77.0,58.85,2746,4955.448,90
693.568299981067,2026-10-02T09:21:30.738966+00:00,core-p8192-ram,93.875,79.0,58.85,2844,4956.832,96
694.5754936730955,2026-10-02T09:21:31.746160+00:00,core-p8192-ram,94.125,77.0,57.85,2879,4943.047,98
695.5826284789946,2026-10-02T09:21:32.753295+00:00,core-p8192-ram,94.125,77.0,57.85,2892,4957.332,99
696.5896435789764,2026-10-02T09:21:33.760294+00:00,core-p8192-ram,94.25,77.0,57.85,2897,4945.726,100
697.5972617028747,2026-10-02T09:21:34.767902+00:00,core-p8192-ram,93.0,75.0,57.85,2740,4952.116,90
698.6049404859077,2026-10-02T09:21:35.775593+00:00,core-p8192-ram,93.75,80.0,57.85,2840,4936.306,96
699.6123662479222,2026-10-02T09:21:36.783024+00:00,core-p8192-ram,94.125,78.0,56.85,2878,4943.385,98
700.6200868720189,2026-10-02T09:21:37.790751+00:00,core-p8192-ram,94.25,77.0,56.85,2892,4943.573,99
701.6261805279646,2026-10-02T09:21:38.796846+00:00,core-p8192-ram,94.25,77.0,56.85,2897,4955.974,100
702.6322335249279,2026-10-02T09:21:39.802883+00:00,core-p8192-ram,93.25,69.0,56.85,2899,5052.721,90
703.6398572959006,2026-10-02T09:21:40.810499+00:00,core-p8192-ram,83.375,64.0,56.85,1505,5056.861,34
704.6472020871006,2026-10-02T09:21:41.817847+00:00,core-p8192-ssd-write,79.625,63.0,57.85,952,5002.187,13
705.6562633879948,2026-10-02T09:21:42.826912+00:00,core-p8192-ssd-write,78.75,63.0,57.85,905,5093.888,8
706.6983408590313,2026-10-02T09:21:43.868993+00:00,core-p8192-ssd-write,73.875,63.0,58.85,1234,3565.996,12
707.7376575849485,2026-10-02T09:21:44.908313+00:00,core-p8192-ssd-write,70.0,62.0,58.85,1401,3565.688,15
708.7756567918696,2026-10-02T09:21:45.946308+00:00,core-p8192-ssd-write,67.5,62.0,58.85,1499,3562.493,16
709.8137390480842,2026-10-02T09:21:46.984380+00:00,core-p8192-ssd-write,66.0,61.0,59.85,1533,3564.087,17
710.8548564640805,2026-10-02T09:21:48.025510+00:00,core-p8192-ssd-write,64.75,61.0,59.85,1474,3563.648,15
711.9006312300917,2026-10-02T09:21:49.071275+00:00,core-p8192-ssd-write,63.875,60.0,59.85,1464,3566.564,15
712.9466992688831,2026-10-02T09:21:50.117351+00:00,core-p8192-ssd-write,63.0,59.0,60.85,1452,3558.962,15
713.9936856799759,2026-10-02T09:21:51.164329+00:00,core-p8192-ssd-write,62.375,59.0,60.85,1448,3558.917,14
715.0419513850939,2026-10-02T09:21:52.212602+00:00,core-p8192-ssd-write,61.875,59.0,60.85,1403,3569.73,14
716.0876543989871,2026-10-02T09:21:53.258300+00:00,core-p8192-ssd-write,61.5,59.0,61.85,1437,3569.059,15
717.1318747599144,2026-10-02T09:21:54.302525+00:00,core-p8192-ssd-write,61.125,59.0,61.85,1427,3567.329,14
718.1798544169869,2026-10-02T09:21:55.350511+00:00,core-p8192-ssd-write,60.875,58.0,61.85,1440,3567.256,15
719.2247516999487,2026-10-02T09:21:56.395399+00:00,core-p8192-ssd-write,60.625,58.0,61.85,1432,3566.918,15
720.2847247770987,2026-10-02T09:21:57.455384+00:00,core-p8192-ssd-write,60.375,58.0,61.85,1416,3563.084,14
721.3796210479923,2026-10-02T09:21:58.550276+00:00,core-p8192-ssd-write,60.125,58.0,62.85,1405,3563.573,14
722.460752626881,2026-10-02T09:21:59.631410+00:00,core-p8192-ssd-write,60.0,58.0,62.85,1432,3565.311,15
723.5088522678707,2026-10-02T09:22:00.679499+00:00,core-p8192-ssd-write,59.75,58.0,62.85,1448,3570.818,15
724.553015329875,2026-10-02T09:22:01.723665+00:00,core-p8192-ssd-write,59.625,57.0,62.85,1464,3556.787,15
725.6018264729064,2026-10-02T09:22:02.772477+00:00,core-p8192-ssd-write,59.375,57.0,62.85,1421,3569.855,14
726.6197438919917,2026-10-02T09:22:03.790388+00:00,core-p8192-ssd-write,61.25,57.0,62.85,956,5110.847,6
727.6320539629087,2026-10-02T09:22:04.802706+00:00,core-p8192-ssd-write,67.25,56.0,62.85,750,5109.596,3
728.6435249799397,2026-10-02T09:22:05.814176+00:00,core-p8192-ssd-write,69.625,57.0,61.85,672,5099.14,1
729.655417995993,2026-10-02T09:22:06.826065+00:00,core-p8192-ssd-write,70.75,57.0,61.85,642,5099.801,1
730.6660670309793,2026-10-02T09:22:07.836718+00:00,core-p8192-ssd-write,71.0,57.0,62.85,631,5101.934,1
731.6789740989916,2026-10-02T09:22:08.849627+00:00,core-p8192-ssd-write,71.25,57.0,62.85,620,5099.956,0
732.6900153839961,2026-10-02T09:22:09.860668+00:00,core-p8192-ssd-write,71.25,57.0,61.85,618,5099.923,0
733.7004872779362,2026-10-02T09:22:10.871140+00:00,core-p8192-ssd-write,71.375,57.0,62.85,627,5095.637,0
734.7124315290712,2026-10-02T09:22:11.883085+00:00,core-p8192-ssd-write,71.375,58.0,61.85,619,5098.764,0
735.7235417359043,2026-10-02T09:22:12.894193+00:00,core-p8192-ssd-write,71.75,57.0,61.85,623,5100.693,0
736.7354986988939,2026-10-02T09:22:13.906159+00:00,core-p8192-ssd-write,71.875,57.0,62.85,627,5103.16,0
737.7464795229025,2026-10-02T09:22:14.917130+00:00,core-p8192-ssd-write,72.625,57.0,61.85,618,5083.277,0
738.7581310870592,2026-10-02T09:22:15.928784+00:00,core-p8192-ssd-write,73.0,57.0,61.85,620,5077.294,0
739.7685034018941,2026-10-02T09:22:16.939150+00:00,core-p8192-ssd-write,73.25,57.0,61.85,620,5076.951,0
740.7797634510789,2026-10-02T09:22:17.950410+00:00,core-p8192-ssd-write,72.875,57.0,61.85,617,5100.543,0
741.7926672219764,2026-10-02T09:22:18.963318+00:00,core-p8192-ssd-write,72.25,57.0,61.85,618,5096.88,0
742.8035784240346,2026-10-02T09:22:19.974228+00:00,core-p8192-ssd-write,71.5,56.0,61.85,623,5101.646,0
743.81460913294,2026-10-02T09:22:20.985260+00:00,core-p8192-ssd-write,71.25,57.0,61.85,626,5100.903,0
744.8256077249534,2026-10-02T09:22:21.996256+00:00,core-p8192-ssd-write,71.125,56.0,61.85,620,5110.015,0
745.8367125850637,2026-10-02T09:22:23.007360+00:00,core-p8192-ssd-write,71.375,57.0,61.85,625,5079.998,0
746.847628622083,2026-10-02T09:22:24.018280+00:00,core-p8192-ssd-write,71.875,56.0,60.85,627,5090.383,0
747.8596036580857,2026-10-02T09:22:25.030252+00:00,core-p8192-ssd-write,72.25,56.0,60.85,621,5083.409,0
748.8712892038748,2026-10-02T09:22:26.041940+00:00,core-p8192-ssd-write,71.875,56.0,61.85,628,5111.588,0
749.8832354939077,2026-10-02T09:22:27.053888+00:00,core-p8192-ssd-write,71.625,56.0,60.85,622,5087.377,0
750.8943164409138,2026-10-02T09:22:28.064966+00:00,core-p8192-ssd-write,71.5,56.0,60.85,619,5107.842,0
751.9072344629094,2026-10-02T09:22:29.077883+00:00,core-p8192-ssd-write,71.0,56.0,60.85,629,5111.837,0
752.9182688340079,2026-10-02T09:22:30.088922+00:00,core-p8192-ssd-write,70.875,56.0,60.85,622,5085.94,0
753.930316044949,2026-10-02T09:22:31.100964+00:00,core-p8192-ssd-write,71.25,56.0,60.85,620,5083.206,0
754.9422713299282,2026-10-02T09:22:32.112919+00:00,core-p8192-ssd-write,71.125,55.0,60.85,628,5105.897,0
755.9533602029551,2026-10-02T09:22:33.124010+00:00,core-p8192-ssd-write,70.5,55.0,60.85,623,5110.505,0
756.9654395070393,2026-10-02T09:22:34.136092+00:00,core-p8192-ssd-write,70.125,55.0,60.85,625,5114.201,0
757.9763241789769,2026-10-02T09:22:35.146973+00:00,core-p8192-ssd-write,70.125,55.0,60.85,630,5093.839,0
758.9888723709155,2026-10-02T09:22:36.159520+00:00,core-p8192-ssd-write,70.125,55.0,60.85,630,5111.076,1
760.0012779189274,2026-10-02T09:22:37.171929+00:00,core-p8192-ssd-write,69.5,55.0,60.85,628,5109.658,1
761.0124365049414,2026-10-02T09:22:38.183088+00:00,core-p8192-ssd-write,69.375,55.0,60.85,629,5116.634,0
762.0254361580592,2026-10-02T09:22:39.196090+00:00,core-p8192-ssd-write,69.5,55.0,60.85,630,5093.64,0
763.036748931976,2026-10-02T09:22:40.207402+00:00,core-p8192-ssd-write,70.0,55.0,60.85,632,5118.062,1
764.0483773979358,2026-10-02T09:22:41.219030+00:00,core-p8192-ssd-write,69.625,54.0,60.85,633,5119.682,1
765.0588361409027,2026-10-02T09:22:42.229484+00:00,core-p8192-ssd-write,69.375,55.0,60.85,626,5117.389,0
766.0688836069312,2026-10-02T09:22:43.239535+00:00,core-p8192-ssd-write,69.125,54.0,60.85,628,5117.103,0
767.0798116179649,2026-10-02T09:22:44.250455+00:00,core-p8192-ssd-write,69.125,54.0,60.85,632,5117.602,0
768.0909779630601,2026-10-02T09:22:45.261630+00:00,core-p8192-ssd-write,69.0,54.0,60.85,628,5113.576,0
769.1035153369885,2026-10-02T09:22:46.274165+00:00,core-p8192-ssd-write,69.625,54.0,59.85,630,5091.948,0
770.1148952678777,2026-10-02T09:22:47.285545+00:00,core-p8192-ssd-write,70.0,54.0,59.85,636,5115.917,1
771.1261455940548,2026-10-02T09:22:48.296806+00:00,core-p8192-ssd-write,69.25,54.0,60.85,650,5118.799,1
772.1390473109204,2026-10-02T09:22:49.309700+00:00,core-p8192-ssd-write,68.875,54.0,59.85,640,5113.35,1
773.1504445748869,2026-10-02T09:22:50.321099+00:00,core-p8192-ssd-write,68.625,54.0,60.85,637,5115.86,1
774.1626543959137,2026-10-02T09:22:51.333310+00:00,core-p8192-ssd-write,69.25,53.0,59.85,638,5114.837,1
775.1731846989132,2026-10-02T09:22:52.343839+00:00,core-p8192-ssd-write,68.875,54.0,59.85,626,5102.217,0
776.1850160930771,2026-10-02T09:22:53.355659+00:00,core-p8192-ssd-write,68.75,53.0,59.85,629,5158.281,1
777.2150880768895,2026-10-02T09:22:54.385744+00:00,core-p8192-ssd-write,67.0,53.0,59.85,630,5090.615,1
778.2230980389286,2026-10-02T09:22:55.393752+00:00,core-p8192-ssd-write,72.25,80.0,58.85,1618,5034.178,45
779.2303033960052,2026-10-02T09:22:56.400967+00:00,core-p8192-ssd-write,79.75,86.0,58.85,2284,5060.188,79
780.2378380850423,2026-10-02T09:22:57.408504+00:00,core-p8192-ssd-write,84.25,88.0,57.85,2568,4994.462,92
781.245298356982,2026-10-02T09:22:58.415960+00:00,core-p8192-ssd-write,86.5,87.0,57.85,2670,5060.836,97
782.2536411639303,2026-10-02T09:22:59.424303+00:00,core-p8192-ssd-write,88.125,91.0,57.85,2706,5013.506,99
783.2602840429172,2026-10-02T09:23:00.430917+00:00,core-p8192-ssd-write,88.25,75.0,57.85,2708,5062.803,96
784.2688937140629,2026-10-02T09:23:01.439545+00:00,core-p8192-ssd-write,87.5,74.0,56.85,2830,4974.017,98
785.2761376569979,2026-10-02T09:23:02.446811+00:00,core-p8192-ssd-write,88.5,71.0,56.85,2874,5015.933,99
786.2830646908842,2026-10-02T09:23:03.453730+00:00,core-p8192-ssd-write,89.625,72.0,56.85,2891,4980.476,100
787.2899527070113,2026-10-02T09:23:04.460618+00:00,core-p8192-ssd-write,89.875,71.0,56.85,2897,4972.847,100
788.2971840440296,2026-10-02T09:23:05.467827+00:00,core-p8192-ssd-write,88.0,61.0,55.85,2741,5131.942,81
789.306425181916,2026-10-02T09:23:06.477079+00:00,core-p8192-ssd-write,77.375,59.0,55.85,1400,5134.997,30
790.3191308460664,2026-10-02T09:23:07.489794+00:00,core-p8192-ssd-read,72.125,58.0,55.85,911,4299.369,11
791.3302314889152,2026-10-02T09:23:08.500884+00:00,core-p8192-ssd-read,69.125,58.0,55.85,728,5107.411,4
792.3382640169002,2026-10-02T09:23:09.508918+00:00,core-p8192-ssd-read,67.125,57.0,55.85,745,3604.666,3
793.3685442029964,2026-10-02T09:23:10.539197+00:00,core-p8192-ssd-read,64.0,57.0,56.85,1152,3550.079,10
794.4157445600722,2026-10-02T09:23:11.586389+00:00,core-p8192-ssd-read,62.125,57.0,56.85,1383,3576.322,14
795.4556542469654,2026-10-02T09:23:12.626315+00:00,core-p8192-ssd-read,60.875,56.0,57.85,1505,3578.599,16
796.4960611320566,2026-10-02T09:23:13.666703+00:00,core-p8192-ssd-read,60.125,57.0,57.85,1521,3576.822,17
797.5348251969554,2026-10-02T09:23:14.705449+00:00,core-p8192-ssd-read,59.5,56.0,58.85,1452,3550.96,16
798.5826378790662,2026-10-02T09:23:15.753283+00:00,core-p8192-ssd-read,58.875,56.0,58.85,1438,3550.276,15
799.626794203883,2026-10-02T09:23:16.797448+00:00,core-p8192-ssd-read,58.375,55.0,58.85,1427,3553.215,15
800.6730386370327,2026-10-02T09:23:17.843698+00:00,core-p8192-ssd-read,58.0,56.0,58.85,1424,3702.127,15
801.7220668660011,2026-10-02T09:23:18.892709+00:00,core-p8192-ssd-read,57.75,55.0,58.85,1470,3578.219,15
802.7656296419445,2026-10-02T09:23:19.936277+00:00,core-p8192-ssd-read,57.5,56.0,59.85,1413,3554.314,14
803.8150773020461,2026-10-02T09:23:20.985743+00:00,core-p8192-ssd-read,57.375,55.0,58.85,1408,3575.246,14
804.8586190810893,2026-10-02T09:23:22.029281+00:00,core-p8192-ssd-read,57.25,55.0,59.85,1426,3565.521,14
805.9130299030803,2026-10-02T09:23:23.083691+00:00,core-p8192-ssd-read,57.125,55.0,59.85,1434,3569.666,14
807.0157709270716,2026-10-02T09:23:24.186420+00:00,core-p8192-ssd-read,57.0,55.0,60.85,1412,3577.8,14
808.1017394280061,2026-10-02T09:23:25.272386+00:00,core-p8192-ssd-read,57.0,55.0,60.85,1416,3578.097,15
809.1488936229143,2026-10-02T09:23:26.319540+00:00,core-p8192-ssd-read,57.0,55.0,60.85,1439,3573.34,15
810.1963367399294,2026-10-02T09:23:27.366978+00:00,core-p8192-ssd-read,57.0,55.0,60.85,1440,3551.602,15
811.2439347840846,2026-10-02T09:23:28.414576+00:00,core-p8192-ssd-read,57.0,55.0,60.85,1422,3560.044,14
812.289334614994,2026-10-02T09:23:29.459980+00:00,core-p8192-ssd-read,57.0,55.0,61.85,1425,3553.591,15
813.3348947430495,2026-10-02T09:23:30.505544+00:00,core-p8192-ssd-read,57.25,55.0,60.85,989,3607.842,7
814.3449890620541,2026-10-02T09:23:31.515638+00:00,core-p8192-ssd-read,60.75,54.0,60.85,766,5116.645,3
815.3570424830541,2026-10-02T09:23:32.527691+00:00,core-p8192-ssd-read,66.0,54.0,60.85,685,5121.572,1
816.36904206709,2026-10-02T09:23:33.539692+00:00,core-p8192-ssd-read,67.875,54.0,60.85,652,5116.317,1
817.3811153299175,2026-10-02T09:23:34.551765+00:00,core-p8192-ssd-read,68.75,55.0,60.85,644,5118.536,1
818.3921198560856,2026-10-02T09:23:35.562767+00:00,core-p8192-ssd-read,69.125,55.0,60.85,641,5121.463,1
819.4044176840689,2026-10-02T09:23:36.575069+00:00,core-p8192-ssd-read,69.25,55.0,60.85,628,5112.907,0
820.4154601620976,2026-10-02T09:23:37.586110+00:00,core-p8192-ssd-read,69.375,54.0,59.85,635,5113.687,1
821.4270083750598,2026-10-02T09:23:38.597661+00:00,core-p8192-ssd-read,69.375,55.0,59.85,628,5112.785,0
822.4380312638823,2026-10-02T09:23:39.608685+00:00,core-p8192-ssd-read,69.75,55.0,60.85,628,5117.859,0
823.4510753839277,2026-10-02T09:23:40.621725+00:00,core-p8192-ssd-read,69.625,55.0,60.85,632,5117.003,1
824.463137665065,2026-10-02T09:23:41.633790+00:00,core-p8192-ssd-read,69.625,55.0,60.85,627,5114.742,0
825.4744920080993,2026-10-02T09:23:42.645144+00:00,core-p8192-ssd-read,69.625,55.0,59.85,624,5111.317,0
826.486513992073,2026-10-02T09:23:43.657164+00:00,core-p8192-ssd-read,69.625,55.0,59.85,636,5111.759,0
827.4993765219115,2026-10-02T09:23:44.670024+00:00,core-p8192-ssd-read,69.125,55.0,59.85,627,5112.662,0
828.5115353339352,2026-10-02T09:23:45.682187+00:00,core-p8192-ssd-read,69.25,55.0,59.85,634,5110.903,1
829.5235511809587,2026-10-02T09:23:46.694203+00:00,core-p8192-ssd-read,69.375,55.0,59.85,640,5115.231,1
830.5345610899385,2026-10-02T09:23:47.705212+00:00,core-p8192-ssd-read,69.875,55.0,59.85,640,5113.648,1
831.5461280229501,2026-10-02T09:23:48.716789+00:00,core-p8192-ssd-read,69.75,55.0,59.85,629,5114.241,0
832.5572674700525,2026-10-02T09:23:49.727921+00:00,core-p8192-ssd-read,69.875,55.0,59.85,635,5112.154,1
833.5691757050809,2026-10-02T09:23:50.739828+00:00,core-p8192-ssd-read,69.75,55.0,59.85,628,5116.148,0
834.5811355179176,2026-10-02T09:23:51.751788+00:00,core-p8192-ssd-read,69.625,55.0,59.85,625,5113.063,0
835.5926607958972,2026-10-02T09:23:52.763313+00:00,core-p8192-ssd-read,69.75,55.0,59.85,631,5113.879,1
836.6042629729491,2026-10-02T09:23:53.774916+00:00,core-p8192-ssd-read,69.75,55.0,58.85,626,5115.765,0
837.6153156480286,2026-10-02T09:23:54.785978+00:00,core-p8192-ssd-read,69.75,55.0,59.85,625,5115.214,0
838.6267944010906,2026-10-02T09:23:55.797448+00:00,core-p8192-ssd-read,69.625,55.0,59.85,633,5097.243,1
839.6387260709889,2026-10-02T09:23:56.809379+00:00,core-p8192-ssd-read,70.875,55.0,59.85,627,5089.992,1
840.6497097508982,2026-10-02T09:23:57.820355+00:00,core-p8192-ssd-read,71.375,56.0,59.85,620,5112.83,0
841.6638571070507,2026-10-02T09:23:58.834505+00:00,core-p8192-ssd-read,71.0,55.0,59.85,617,5110.49,0
842.6765871460084,2026-10-02T09:23:59.847236+00:00,core-p8192-ssd-read,70.5,55.0,59.85,613,5106.503,0
843.688844460994,2026-10-02T09:24:00.859484+00:00,core-p8192-ssd-read,70.125,55.0,59.85,624,5107.026,0
844.7007140289061,2026-10-02T09:24:01.871361+00:00,core-p8192-ssd-read,69.5,55.0,59.85,624,5108.347,0
845.7127310419455,2026-10-02T09:24:02.883384+00:00,core-p8192-ssd-read,69.75,55.0,59.85,623,5110.087,0
846.7237869459204,2026-10-02T09:24:03.894440+00:00,core-p8192-ssd-read,70.875,56.0,59.85,622,5092.979,0
847.7357825129293,2026-10-02T09:24:04.906435+00:00,core-p8192-ssd-read,70.5,56.0,59.85,626,5108.224,0
848.7468769480474,2026-10-02T09:24:05.917532+00:00,core-p8192-ssd-read,71.125,55.0,59.85,624,5090.336,0
849.7578575168736,2026-10-02T09:24:06.928518+00:00,core-p8192-ssd-read,70.625,55.0,58.85,616,5101.19,0
850.7688224578742,2026-10-02T09:24:07.939468+00:00,core-p8192-ssd-read,70.625,55.0,58.85,624,5112.593,0
851.7800806509331,2026-10-02T09:24:08.950736+00:00,core-p8192-ssd-read,70.25,55.0,59.85,623,5114.203,0
852.7919127279893,2026-10-02T09:24:09.962567+00:00,core-p8192-ssd-read,70.0,55.0,58.85,616,5092.739,0
853.8027985140216,2026-10-02T09:24:10.973452+00:00,core-p8192-ssd-read,70.25,55.0,58.85,622,5112.118,0
854.8115280258935,2026-10-02T09:24:11.982181+00:00,core-p8192-ssd-read,70.125,55.0,58.85,615,5092.989,0
855.8239846269134,2026-10-02T09:24:12.994640+00:00,core-p8192-ssd-read,69.625,55.0,58.85,612,5127.509,0
856.832412770018,2026-10-02T09:24:14.003067+00:00,core-p8192-ssd-read,69.0,54.0,58.85,620,5114.935,0
857.845889471937,2026-10-02T09:24:15.016545+00:00,core-p8192-ssd-read,69.375,55.0,58.85,621,5095.287,0
858.8575664300006,2026-10-02T09:24:16.028223+00:00,core-p8192-ssd-read,68.25,54.0,57.85,622,5138.376,0
859.8665030510165,2026-10-02T09:24:17.037161+00:00,core-p8192-ssd-read,68.125,54.0,58.85,624,5118.907,0
860.8792916669045,2026-10-02T09:24:18.049951+00:00,core-p8192-ssd-read,68.625,54.0,58.85,622,5109.304,0
861.891088814009,2026-10-02T09:24:19.061747+00:00,core-p8192-ssd-read,68.25,54.0,57.85,622,5141.7,0
862.900944259949,2026-10-02T09:24:20.071604+00:00,core-p8192-ssd-read,67.875,54.0,57.85,622,5129.891,0
863.909984722035,2026-10-02T09:24:21.080643+00:00,core-p8192-ssd-read,67.75,54.0,57.85,617,5094.921,0
864.9210465229116,2026-10-02T09:24:22.091705+00:00,core-p8192-ssd-read,67.75,54.0,57.85,614,5122.631,0
865.9285398239736,2026-10-02T09:24:23.099185+00:00,core-p8192-ssd-read,67.75,54.0,56.85,899,5105.449,8
866.9352066700812,2026-10-02T09:24:24.105866+00:00,core-p8192-ssd-read,73.75,68.0,56.85,2095,5006.631,62
867.9420733610168,2026-10-02T09:24:25.112739+00:00,core-p8192-ssd-read,81.375,68.0,56.85,2606,4995.104,86
868.9489241840784,2026-10-02T09:24:26.119586+00:00,core-p8192-ssd-read,84.75,68.0,55.85,2793,4994.394,95
869.9560534690972,2026-10-02T09:24:27.126719+00:00,core-p8192-ssd-read,86.125,68.0,55.85,2861,4991.653,98
870.9622143439483,2026-10-02T09:24:28.132880+00:00,core-p8192-ssd-read,86.875,69.0,55.85,2886,4950.903,99
871.9701911660377,2026-10-02T09:24:29.140856+00:00,core-p8192-ssd-read,86.0,72.0,55.85,2639,4990.859,85
872.976511688903,2026-10-02T09:24:30.147176+00:00,core-p8192-ssd-read,87.375,71.0,54.85,2805,4987.611,94
873.990258767968,2026-10-02T09:24:31.160924+00:00,core-p8192-ssd-read,88.0,70.0,54.85,2865,4971.715,98
874.9975745829288,2026-10-02T09:24:32.168242+00:00,core-p8192-ssd-read,88.5,70.0,54.85,2887,4976.535,99
876.00463502598,2026-10-02T09:24:33.175304+00:00,core-p8192-ssd-read,88.875,70.0,54.85,2895,4983.207,99
877.0117082989309,2026-10-02T09:24:34.182328+00:00,core-p8192-ssd-read,87.25,68.0,54.85,2574,4974.86,78
878.0194400639739,2026-10-02T09:24:35.190094+00:00,core-p8192-ssd-read,88.625,73.0,53.85,2739,4993.038,89
879.0269128980581,2026-10-02T09:24:36.197555+00:00,core-p8192-ssd-read,88.625,73.0,54.85,2766,4984.831,92
880.0348121090792,2026-10-02T09:24:37.205468+00:00,core-p8192-ssd-read,89.375,70.0,53.85,2851,4973.73,97
881.0421149199829,2026-10-02T09:24:38.212776+00:00,core-p8192-ssd-read,89.75,72.0,53.85,2882,4982.719,99
882.0493240640499,2026-10-02T09:24:39.219972+00:00,core-p8192-ssd-read,88.75,63.0,53.85,2893,5086.631,89
883.0569914840162,2026-10-02T09:24:40.227640+00:00,core-p131072-off,80.0,59.0,53.85,1478,5082.561,33
884.0658599799499,2026-10-02T09:24:41.236524+00:00,core-p131072-off,74.875,57.0,53.85,941,5133.987,12
885.0728177649435,2026-10-02T09:24:42.243470+00:00,core-p131072-off,72.75,58.0,53.85,1018,5100.509,10
886.1203828570433,2026-10-02T09:24:43.291037+00:00,core-p131072-off,67.75,57.0,54.85,1263,3558.362,13
887.1697242779192,2026-10-02T09:24:44.340375+00:00,core-p131072-off,64.25,57.0,55.85,1467,3561.381,16
888.2120695800986,2026-10-02T09:24:45.382717+00:00,core-p131072-off,62.125,56.0,55.85,1525,3563.435,17
889.2498080818914,2026-10-02T09:24:46.420454+00:00,core-p131072-off,60.75,56.0,56.85,1527,3562.33,16
890.2925834730268,2026-10-02T09:24:47.463237+00:00,core-p131072-off,59.75,56.0,55.85,1477,3560.948,15
891.3389253569767,2026-10-02T09:24:48.509580+00:00,core-p131072-off,58.875,55.0,55.85,1424,3574.913,15
892.3851508658845,2026-10-02T09:24:49.555801+00:00,core-p131072-off,58.125,55.0,56.85,1429,3564.555,14
893.4308717320673,2026-10-02T09:24:50.601522+00:00,core-p131072-off,57.625,55.0,56.85,1431,3560.387,14
894.4771276619285,2026-10-02T09:24:51.647777+00:00,core-p131072-off,57.25,55.0,57.85,1464,3563.779,15
895.5182229978964,2026-10-02T09:24:52.688875+00:00,core-p131072-off,57.0,54.0,57.85,1417,3567.559,15
896.5639447970316,2026-10-02T09:24:53.734590+00:00,core-p131072-off,56.75,55.0,57.85,1410,3571.113,15
897.6098299310543,2026-10-02T09:24:54.780476+00:00,core-p131072-off,56.625,54.0,57.85,1412,3563.148,14
898.658099204069,2026-10-02T09:24:55.828752+00:00,core-p131072-off,56.375,54.0,58.85,1401,3564.919,15
899.705192574067,2026-10-02T09:24:56.875844+00:00,core-p131072-off,56.375,54.0,58.85,1433,3570.23,15
900.7529831840657,2026-10-02T09:24:57.923634+00:00,core-p131072-off,56.25,54.0,58.85,1400,3569.072,14
901.7971183150075,2026-10-02T09:24:58.967759+00:00,core-p131072-off,56.125,54.0,59.85,1400,3564.965,14
902.848941486096,2026-10-02T09:25:00.019593+00:00,core-p131072-off,56.125,54.0,59.85,1411,3566.302,15
903.898185725091,2026-10-02T09:25:01.068836+00:00,core-p131072-off,56.125,54.0,59.85,1452,3573.089,15
904.9471569529269,2026-10-02T09:25:02.117805+00:00,core-p131072-off,56.375,56.0,59.85,1561,3558.245,19
905.9541195470374,2026-10-02T09:25:03.124775+00:00,core-p131072-off,71.625,84.0,58.85,2173,5066.858,65
906.9613584829494,2026-10-02T09:25:04.132006+00:00,core-p131072-off,81.125,86.0,57.85,2523,5064.376,87
907.9687887448817,2026-10-02T09:25:05.139446+00:00,core-p131072-off,85.5,88.0,56.85,2659,5054.062,95
908.9761664380785,2026-10-02T09:25:06.146831+00:00,core-p131072-off,88.0,90.0,56.85,2697,5054.613,98
909.9831530849915,2026-10-02T09:25:07.153811+00:00,core-p131072-off,89.625,92.0,56.85,2708,5044.936,99
910.9902095298748,2026-10-02T09:25:08.160864+00:00,core-p131072-off,90.875,92.0,56.85,2712,5028.966,100
911.9974012020975,2026-10-02T09:25:09.168062+00:00,core-p131072-off,91.875,91.0,56.85,2716,5033.633,100
913.0046152048744,2026-10-02T09:25:10.175282+00:00,core-p131072-off,92.875,93.0,56.85,2709,5023.735,100
914.011696531903,2026-10-02T09:25:11.182359+00:00,core-p131072-off,93.5,94.0,56.85,2704,5023.131,100
915.0196597028989,2026-10-02T09:25:12.190317+00:00,core-p131072-off,94.75,95.0,55.85,2720,2011.304,100
916.0276315258816,2026-10-02T09:25:13.198291+00:00,core-p131072-off,93.875,91.0,55.85,2681,2000.0,100
917.0354145939928,2026-10-02T09:25:14.206079+00:00,core-p131072-off,93.25,93.0,55.85,2658,2000.0,100
918.0435208240524,2026-10-02T09:25:15.214183+00:00,core-p131072-off,92.875,94.0,55.85,2654,2000.0,100
919.0527616508771,2026-10-02T09:25:16.223423+00:00,core-p131072-off,92.875,92.0,55.85,2654,2000.0,100
920.0606298900675,2026-10-02T09:25:17.231298+00:00,core-p131072-off,92.875,91.0,54.85,2649,2000.0,100
921.0684641210828,2026-10-02T09:25:18.239125+00:00,core-p131072-off,93.0,93.0,54.85,2645,2000.0,100
922.0766372119542,2026-10-02T09:25:19.247295+00:00,core-p131072-off,93.25,93.0,54.85,2647,2000.0,100
923.0846501688939,2026-10-02T09:25:20.255300+00:00,core-p131072-off,93.375,93.0,54.85,2650,2000.0,100
924.0926935758907,2026-10-02T09:25:21.263361+00:00,core-p131072-off,93.5,93.0,54.85,2642,2000.0,100
925.1016123979352,2026-10-02T09:25:22.272272+00:00,core-p131072-off,93.75,94.0,53.85,2641,2000.0,100
926.1097405739129,2026-10-02T09:25:23.280394+00:00,core-p131072-off,94.0,95.0,53.85,2647,2000.0,100
927.1176902260631,2026-10-02T09:25:24.288359+00:00,core-p131072-off,94.125,93.0,53.85,2640,2000.0,100
928.1255889509339,2026-10-02T09:25:25.296247+00:00,core-p131072-off,94.25,95.0,53.85,2638,2000.0,100
929.1337885279208,2026-10-02T09:25:26.304445+00:00,core-p131072-off,94.5,93.0,53.85,2641,2000.0,100
930.1417403330561,2026-10-02T09:25:27.312407+00:00,core-p131072-off,94.5,95.0,53.85,2636,2000.0,100
931.1496268010233,2026-10-02T09:25:28.320287+00:00,core-p131072-off,94.625,97.0,53.85,2635,2000.0,100
932.1577825110871,2026-10-02T09:25:29.328444+00:00,core-p131072-off,94.875,94.0,53.85,2638,2000.0,100
933.1656776710879,2026-10-02T09:25:30.336345+00:00,core-p131072-off,95.0,96.0,53.85,2635,2000.0,100
934.1737051568925,2026-10-02T09:25:31.344364+00:00,core-p131072-off,95.125,94.0,53.85,2632,2000.0,100
935.1817503729835,2026-10-02T09:25:32.352414+00:00,core-p131072-off,95.125,93.0,53.85,2633,2000.0,100
936.1897633420303,2026-10-02T09:25:33.360415+00:00,core-p131072-off,95.25,96.0,53.85,2636,2000.0,100
937.1978863580152,2026-10-02T09:25:34.368553+00:00,core-p131072-off,95.375,95.0,53.85,2629,2000.0,100
938.2057126830332,2026-10-02T09:25:35.376375+00:00,core-p131072-off,95.625,96.0,53.85,2630,2000.0,100
939.2129333380144,2026-10-02T09:25:36.383592+00:00,core-p131072-off,95.75,95.0,53.85,2636,2000.0,100
940.2207552450709,2026-10-02T09:25:37.391416+00:00,core-p131072-off,95.875,95.0,53.85,2626,2013.421,100
941.2288657550234,2026-10-02T09:25:38.399525+00:00,core-p131072-off,96.0,95.0,54.85,2629,2000.0,100
942.2366760140285,2026-10-02T09:25:39.407330+00:00,core-p131072-off,96.125,95.0,53.85,2635,2000.0,100
943.2447405268904,2026-10-02T09:25:40.415409+00:00,core-p131072-off,96.375,97.0,54.85,2628,2000.0,100
944.2518482489977,2026-10-02T09:25:41.422506+00:00,core-p131072-off,96.375,97.0,53.85,2626,2000.0,100
945.260907033924,2026-10-02T09:25:42.431568+00:00,core-p131072-off,96.375,95.0,54.85,2632,2000.0,100
946.2689180509187,2026-10-02T09:25:43.439586+00:00,core-p131072-off,96.375,96.0,53.85,2626,2000.0,100
947.2767592230812,2026-10-02T09:25:44.447422+00:00,core-p131072-off,96.375,95.0,54.85,2626,2000.0,100
948.2849118879531,2026-10-02T09:25:45.455571+00:00,core-p131072-off,96.375,96.0,54.85,2631,2000.0,100
949.2928593789693,2026-10-02T09:25:46.463526+00:00,core-p131072-off,96.25,97.0,54.85,2626,2209.717,100
950.3020203940105,2026-10-02T09:25:47.472683+00:00,core-p131072-off,96.375,96.0,54.85,2626,2014.943,100
951.3098666009028,2026-10-02T09:25:48.480529+00:00,core-p131072-off,96.375,94.0,54.85,2631,2016.437,100
952.3178866719827,2026-10-02T09:25:49.488542+00:00,core-p131072-off,96.25,96.0,54.85,2630,2000.0,100
953.3258604959119,2026-10-02T09:25:50.496521+00:00,core-p131072-off,96.25,95.0,54.85,2630,2000.0,100
954.3341192218941,2026-10-02T09:25:51.504781+00:00,core-p131072-off,96.25,96.0,54.85,2632,2000.0,100
955.343097666977,2026-10-02T09:25:52.513762+00:00,core-p131072-off,96.25,96.0,54.85,2630,2000.0,100
956.3511826700997,2026-10-02T09:25:53.521836+00:00,core-p131072-off,96.25,97.0,54.85,2630,2016.394,100
957.3589193250518,2026-10-02T09:25:54.529582+00:00,core-p131072-off,96.25,95.0,54.85,2633,2000.0,100
958.3669348410331,2026-10-02T09:25:55.537601+00:00,core-p131072-off,96.25,97.0,54.85,2631,2000.0,100
959.374928148929,2026-10-02T09:25:56.545589+00:00,core-p131072-off,96.25,97.0,54.85,2630,2000.0,100
960.3831415609457,2026-10-02T09:25:57.553803+00:00,core-p131072-off,96.25,97.0,54.85,2634,2012.03,100
961.3910585530102,2026-10-02T09:25:58.561725+00:00,core-p131072-off,96.25,96.0,54.85,2632,2000.0,100
962.3988692690618,2026-10-02T09:25:59.569534+00:00,core-p131072-off,96.25,94.0,54.85,2631,2000.0,100
963.4069747370668,2026-10-02T09:26:00.577636+00:00,core-p131072-off,96.375,96.0,54.85,2634,2000.0,100
964.4150491270702,2026-10-02T09:26:01.585717+00:00,core-p131072-off,96.375,95.0,54.85,2629,2000.0,100
965.4229528130963,2026-10-02T09:26:02.593617+00:00,core-p131072-off,96.375,94.0,54.85,2630,2000.0,100
966.4341317410581,2026-10-02T09:26:03.604784+00:00,core-p131072-off,96.375,95.0,54.85,2634,2000.0,100
967.4422217120882,2026-10-02T09:26:04.612889+00:00,core-p131072-off,96.375,95.0,54.85,2631,2000.0,100
968.4501108210534,2026-10-02T09:26:05.620762+00:00,core-p131072-off,96.375,97.0,55.85,2626,2015.216,100
969.4585058949888,2026-10-02T09:26:06.629157+00:00,core-p131072-off,96.375,97.0,54.85,2632,2000.0,100
970.4662440489046,2026-10-02T09:26:07.636903+00:00,core-p131072-off,96.375,95.0,55.85,2628,2000.0,100
971.4742065479513,2026-10-02T09:26:08.644866+00:00,core-p131072-off,96.5,96.0,55.85,2628,2000.0,100
972.4820700499695,2026-10-02T09:26:09.652729+00:00,core-p131072-off,96.5,95.0,55.85,2631,2000.0,100
973.4901579269208,2026-10-02T09:26:10.660824+00:00,core-p131072-off,96.375,97.0,55.85,2626,2000.0,100
974.4980093510821,2026-10-02T09:26:11.668670+00:00,core-p131072-off,96.375,96.0,54.85,2628,2000.0,100
975.507250244962,2026-10-02T09:26:12.677901+00:00,core-p131072-off,96.5,95.0,55.85,2631,2000.0,100
976.5153354129288,2026-10-02T09:26:13.686002+00:00,core-p131072-off,96.5,97.0,55.85,2624,2000.0,100
977.5232163788751,2026-10-02T09:26:14.693878+00:00,core-p131072-off,96.5,97.0,55.85,2627,2000.0,100
978.5313377990387,2026-10-02T09:26:15.701983+00:00,core-p131072-off,96.5,97.0,55.85,2631,2000.0,100
979.5396479829215,2026-10-02T09:26:16.710315+00:00,core-p131072-off,96.5,95.0,55.85,2626,2000.0,100
980.5480564748868,2026-10-02T09:26:17.718710+00:00,core-p131072-off,96.5,96.0,55.85,2624,2000.0,100
981.5565753150731,2026-10-02T09:26:18.727213+00:00,core-p131072-off,95.875,96.0,55.85,2548,3747.568,95
982.5649221909698,2026-10-02T09:26:19.735588+00:00,core-p131072-off,96.75,95.0,55.85,2608,2014.019,98
983.5731468209997,2026-10-02T09:26:20.743808+00:00,core-p131072-off,96.625,95.0,55.85,2616,2000.0,99
984.5817695700098,2026-10-02T09:26:21.752425+00:00,core-p131072-off,96.625,97.0,55.85,2627,2000.0,100
985.5903666210361,2026-10-02T09:26:22.761029+00:00,core-p131072-off,96.5,96.0,55.85,2621,2000.0,100
986.5983225409873,2026-10-02T09:26:23.768976+00:00,core-p131072-off,96.625,97.0,55.85,2625,2000.0,100
987.6063643998932,2026-10-02T09:26:24.777031+00:00,core-p131072-off,96.5,96.0,55.85,2627,2013.932,100
988.6133155720308,2026-10-02T09:26:25.783979+00:00,core-p131072-off,96.5,96.0,55.85,2622,2000.0,100
989.620441630017,2026-10-02T09:26:26.791103+00:00,core-p131072-off,96.625,96.0,55.85,2620,2000.0,100
990.6285310399253,2026-10-02T09:26:27.799197+00:00,core-p131072-off,96.625,96.0,55.85,2620,2000.0,100
991.6363675780594,2026-10-02T09:26:28.807027+00:00,core-p131072-off,96.625,97.0,55.85,2623,2062.932,100
992.6460840099026,2026-10-02T09:26:29.816691+00:00,core-p131072-off,96.625,97.0,55.85,2627,2036.09,100
993.6560548359994,2026-10-02T09:26:30.826697+00:00,core-p131072-off,96.625,95.0,55.85,2620,2021.607,100
994.6650962298736,2026-10-02T09:26:31.835731+00:00,core-p131072-off,96.75,95.0,56.85,2621,2284.666,100
995.6770071280189,2026-10-02T09:26:32.847645+00:00,core-p131072-off,96.75,97.0,55.85,2627,2302.927,100
996.6856863149442,2026-10-02T09:26:33.856350+00:00,core-p131072-off,96.75,96.0,55.85,2621,2000.0,100
997.6934520199429,2026-10-02T09:26:34.864113+00:00,core-p131072-off,96.75,96.0,55.85,2622,2000.0,100
998.7015407648869,2026-10-02T09:26:35.872194+00:00,core-p131072-off,96.75,95.0,56.85,2621,2000.0,100
999.7094911560416,2026-10-02T09:26:36.880159+00:00,core-p131072-off,96.75,96.0,56.85,2617,2000.0,100
1000.7176816300489,2026-10-02T09:26:37.888332+00:00,core-p131072-off,94.5,84.0,56.85,2734,4931.769,99
1001.7252558839973,2026-10-02T09:26:38.895922+00:00,core-p131072-off,95.375,80.0,55.85,2839,4920.904,99
1002.731633333955,2026-10-02T09:26:39.902299+00:00,core-p131072-off,95.75,80.0,56.85,2878,4918.019,100
1003.7386388860177,2026-10-02T09:26:40.909289+00:00,core-p131072-off,96.0,80.0,56.85,2892,4936.643,100
1004.7466771078762,2026-10-02T09:26:41.917341+00:00,core-p131072-off,96.0,80.0,56.85,2897,4932.811,100
1005.7552325839642,2026-10-02T09:26:42.925863+00:00,core-p131072-off,94.25,96.0,56.85,2674,4919.086,92
1006.7769483169541,2026-10-02T09:26:43.947603+00:00,core-p131072-off,95.625,98.0,56.85,2669,4952.81,97
1007.7840394300874,2026-10-02T09:26:44.954705+00:00,core-p131072-off,97.0,98.0,56.85,2678,5003.358,99
1008.7913069878705,2026-10-02T09:26:45.961967+00:00,core-p131072-off,97.75,97.0,56.85,2672,5000.906,100
1009.7986057049129,2026-10-02T09:26:46.969269+00:00,core-p131072-off,98.0,100.0,56.85,2669,2445.318,100
1010.8068867239635,2026-10-02T09:26:47.977541+00:00,core-p131072-off,97.875,96.0,56.85,2663,2000.0,100
1011.8147583759855,2026-10-02T09:26:48.985425+00:00,core-p131072-off,97.125,96.0,56.85,2634,2000.0,100
1012.8225132320076,2026-10-02T09:26:49.993178+00:00,core-p131072-off,96.75,96.0,56.85,2631,2000.0,100
1013.8309212699533,2026-10-02T09:26:51.001578+00:00,core-p131072-off,96.625,95.0,56.85,2634,2000.0,100
1014.8387068859302,2026-10-02T09:26:52.009374+00:00,core-p131072-off,96.625,96.0,56.85,2630,2000.0,100
1015.8467806449626,2026-10-02T09:26:53.017441+00:00,core-p131072-off,96.625,95.0,56.85,2627,2000.0,100
1016.8546695099212,2026-10-02T09:26:54.025332+00:00,core-p131072-off,96.625,96.0,56.85,2630,2000.0,100
1017.8620500410907,2026-10-02T09:26:55.032710+00:00,core-p131072-off,96.5,98.0,56.85,2634,2000.0,100
1018.8699399679899,2026-10-02T09:26:56.040608+00:00,core-p131072-off,96.5,98.0,56.85,2628,2000.0,100
1019.8778442549519,2026-10-02T09:26:57.048510+00:00,core-p131072-off,96.625,96.0,56.85,2629,2000.0,100
1020.8857109129895,2026-10-02T09:26:58.056369+00:00,core-p131072-off,96.5,95.0,56.85,2635,2000.0,100
1021.8937895460986,2026-10-02T09:26:59.064457+00:00,core-p131072-off,96.5,97.0,56.85,2628,2000.0,100
1022.9016764159314,2026-10-02T09:27:00.072339+00:00,core-p131072-off,96.5,97.0,56.85,2623,2000.0,100
1023.9090676610358,2026-10-02T09:27:01.079733+00:00,core-p131072-off,96.5,96.0,56.85,2630,2000.0,100
1024.9168411148712,2026-10-02T09:27:02.087507+00:00,core-p131072-off,96.625,95.0,56.85,2627,2000.0,100
1025.924866312882,2026-10-02T09:27:03.095530+00:00,core-p131072-off,96.625,95.0,56.85,2624,2000.0,100
1026.9326751169283,2026-10-02T09:27:04.103337+00:00,core-p131072-off,96.625,95.0,56.85,2628,2000.0,100
1027.9407576650847,2026-10-02T09:27:05.111417+00:00,core-p131072-off,96.625,99.0,56.85,2634,2000.0,100
1028.9488825509325,2026-10-02T09:27:06.119548+00:00,core-p131072-off,96.75,95.0,56.85,2626,2000.0,100
1029.9568021749146,2026-10-02T09:27:07.127459+00:00,core-p131072-off,96.75,96.0,56.85,2628,2000.0,100
1030.9648230460007,2026-10-02T09:27:08.135463+00:00,core-p131072-off,96.75,95.0,56.85,2632,2000.0,100
1031.9728342180606,2026-10-02T09:27:09.143501+00:00,core-p131072-off,96.75,95.0,56.85,2626,2000.0,100
1032.980755754048,2026-10-02T09:27:10.151414+00:00,core-p131072-off,97.0,97.0,56.85,2602,2000.0,97
1033.9889128229115,2026-10-02T09:27:11.159575+00:00,core-p131072-off,96.875,95.0,56.85,2622,2000.0,99
1034.9969037580304,2026-10-02T09:27:12.167569+00:00,core-p131072-off,96.75,97.0,56.85,2620,2000.0,100
1036.0059192930348,2026-10-02T09:27:13.176586+00:00,core-p131072-off,96.875,96.0,56.85,2623,2000.0,100
1037.0138220409863,2026-10-02T09:27:14.184477+00:00,core-p131072-off,96.875,95.0,56.85,2629,2000.0,100
1038.0217642800417,2026-10-02T09:27:15.192433+00:00,core-p131072-off,96.875,96.0,56.85,2625,2000.0,100
1039.0296741500497,2026-10-02T09:27:16.200341+00:00,core-p131072-off,96.875,96.0,56.85,2626,2000.0,100
1040.0370607259683,2026-10-02T09:27:17.207727+00:00,core-p131072-off,97.0,97.0,56.85,2628,2000.0,100
1041.0449334490113,2026-10-02T09:27:18.215601+00:00,core-p131072-off,97.0,98.0,56.85,2625,2000.0,100
1042.0529572980013,2026-10-02T09:27:19.223620+00:00,core-p131072-off,97.0,97.0,57.85,2625,2000.0,100
1043.0629619879182,2026-10-02T09:27:20.233611+00:00,core-p131072-off,97.125,97.0,56.85,2629,2000.0,100
1044.071042916039,2026-10-02T09:27:21.241701+00:00,core-p131072-off,97.0,98.0,56.85,2629,2000.0,100
1045.0794373960234,2026-10-02T09:27:22.250105+00:00,core-p131072-off,97.0,97.0,56.85,2625,2294.272,100
1046.0881762960926,2026-10-02T09:27:23.258808+00:00,core-p131072-off,97.0,95.0,56.85,2625,2208.416,100
1047.096125650918,2026-10-02T09:27:24.266777+00:00,core-p131072-off,97.0,98.0,56.85,2631,2000.0,100
1048.1040053679608,2026-10-02T09:27:25.274672+00:00,core-p131072-off,97.125,97.0,56.85,2622,2000.0,100
1049.1110665099695,2026-10-02T09:27:26.281721+00:00,core-p131072-off,97.125,97.0,56.85,2624,2000.0,100
1050.1190969140735,2026-10-02T09:27:27.289755+00:00,core-p131072-off,97.0,98.0,56.85,2631,2000.0,100
1051.1271393389907,2026-10-02T09:27:28.297804+00:00,core-p131072-off,97.0,96.0,56.85,2624,2000.0,100
1052.1341634138953,2026-10-02T09:27:29.304821+00:00,core-p131072-off,97.0,98.0,56.85,2629,2000.0,100
1053.1421407519374,2026-10-02T09:27:30.312797+00:00,core-p131072-off,97.125,98.0,56.85,2636,2000.0,100
1054.1503476828802,2026-10-02T09:27:31.321015+00:00,core-p131072-off,97.0,97.0,56.85,2630,2000.0,100
1055.1579922318924,2026-10-02T09:27:32.328651+00:00,core-p131072-off,97.0,97.0,56.85,2631,2000.0,100
1056.1672903629951,2026-10-02T09:27:33.337945+00:00,core-p131072-off,97.0,96.0,56.85,2637,2000.0,100
1057.17539738887,2026-10-02T09:27:34.346065+00:00,core-p131072-off,96.875,96.0,56.85,2630,2000.0,100
1058.1833179420792,2026-10-02T09:27:35.353976+00:00,core-p131072-off,96.75,97.0,56.85,2632,2000.0,100
1059.1913304131012,2026-10-02T09:27:36.361991+00:00,core-p131072-off,96.75,95.0,57.85,2638,2000.0,100
1060.1993677730206,2026-10-02T09:27:37.370032+00:00,core-p131072-off,96.125,94.0,57.85,2606,2000.0,100
1061.2071978610475,2026-10-02T09:27:38.377858+00:00,core-p131072-off,95.25,95.0,56.85,2587,2000.0,100
1062.2153702490032,2026-10-02T09:27:39.386033+00:00,core-p131072-off,94.5,95.0,56.85,2581,2000.0,100
1063.2232915048953,2026-10-02T09:27:40.393959+00:00,core-p131072-off,94.0,91.0,57.85,2566,2000.0,100
1064.231094154995,2026-10-02T09:27:41.401756+00:00,core-p131072-off,93.625,92.0,56.85,2560,2000.0,100
1065.2391773969866,2026-10-02T09:27:42.409833+00:00,core-p131072-off,93.125,95.0,57.85,2557,2000.0,100
1066.2484063159209,2026-10-02T09:27:43.419073+00:00,core-p131072-off,92.75,93.0,56.85,2547,2000.0,100
1067.2560791228898,2026-10-02T09:27:44.426744+00:00,core-p131072-off,92.375,92.0,56.85,2544,2000.0,100
1068.2641130690463,2026-10-02T09:27:45.434780+00:00,core-p131072-off,92.125,90.0,56.85,2538,2000.0,100
1069.2721977438778,2026-10-02T09:27:46.442858+00:00,core-p131072-off,91.875,90.0,56.85,2535,2000.0,100
1070.280290889088,2026-10-02T09:27:47.450950+00:00,core-p131072-off,91.75,92.0,57.85,2536,2000.0,100
1071.2883332269266,2026-10-02T09:27:48.458999+00:00,core-p131072-off,91.625,90.0,56.85,2528,2000.0,100
1072.2962435889058,2026-10-02T09:27:49.466905+00:00,core-p131072-off,91.625,91.0,56.85,2522,2000.0,100
1073.304434983991,2026-10-02T09:27:50.475086+00:00,core-p131072-off,91.5,90.0,57.85,2525,2000.0,100
1074.3123691170476,2026-10-02T09:27:51.483037+00:00,core-p131072-off,91.375,90.0,57.85,2519,2000.0,100
1075.3201716439798,2026-10-02T09:27:52.490815+00:00,core-p131072-off,91.375,90.0,57.85,2517,2000.0,100
1076.3283883999102,2026-10-02T09:27:53.499041+00:00,core-p131072-off,91.25,92.0,57.85,2520,2000.0,100
1077.336374423001,2026-10-02T09:27:54.507042+00:00,core-p131072-off,91.25,90.0,57.85,2512,2000.0,100
1078.3434302739333,2026-10-02T09:27:55.514091+00:00,core-p131072-off,91.375,90.0,57.85,2514,2000.0,100
1079.3513226120267,2026-10-02T09:27:56.521988+00:00,core-p131072-off,91.375,92.0,57.85,2513,2005.004,100
1080.3584216539748,2026-10-02T09:27:57.529088+00:00,core-p131072-off,91.375,91.0,57.85,2507,2000.0,100
1081.3655363360886,2026-10-02T09:27:58.536198+00:00,core-p131072-off,91.375,92.0,57.85,2510,2000.0,100
1082.3734940229915,2026-10-02T09:27:59.544161+00:00,core-p131072-off,91.375,93.0,56.85,2506,2000.0,100
1083.380563607905,2026-10-02T09:28:00.551225+00:00,core-p131072-off,91.375,92.0,57.85,2506,2000.0,100
1084.38855112507,2026-10-02T09:28:01.559211+00:00,core-p131072-off,91.375,92.0,57.85,2508,2000.0,100
1085.3965221541002,2026-10-02T09:28:02.567190+00:00,core-p131072-off,91.375,90.0,57.85,2504,2000.0,100
1086.4053071988747,2026-10-02T09:28:03.575969+00:00,core-p131072-off,91.375,92.0,57.85,2503,2000.0,100
1087.4136458889116,2026-10-02T09:28:04.584302+00:00,core-p131072-off,91.5,90.0,57.85,2506,2000.0,100
1088.4213936659507,2026-10-02T09:28:05.592059+00:00,core-p131072-off,91.5,91.0,57.85,2500,2310.07,100
1089.4296359489672,2026-10-02T09:28:06.600301+00:00,core-p131072-off,91.5,92.0,57.85,2502,2000.0,100
1090.4374360260554,2026-10-02T09:28:07.608100+00:00,core-p131072-off,91.5,90.0,57.85,2497,2000.0,100
1091.4455000860617,2026-10-02T09:28:08.616165+00:00,core-p131072-off,91.625,92.0,57.85,2500,2000.0,100
1092.4535206079017,2026-10-02T09:28:09.624184+00:00,core-p131072-off,91.625,91.0,57.85,2503,2000.0,100
1093.4615531601012,2026-10-02T09:28:10.632220+00:00,core-p131072-off,91.625,90.0,57.85,2499,2000.0,100
1094.4693428198807,2026-10-02T09:28:11.640004+00:00,core-p131072-off,91.5,90.0,57.85,2500,2000.0,100
1095.4774520809297,2026-10-02T09:28:12.648106+00:00,core-p131072-off,91.625,93.0,57.85,2506,2000.0,100
1096.4867190779187,2026-10-02T09:28:13.657387+00:00,core-p131072-off,91.625,90.0,57.85,2497,2000.0,100
1097.4944599720184,2026-10-02T09:28:14.665118+00:00,core-p131072-off,91.625,92.0,57.85,2500,2000.0,100
1098.5025620849337,2026-10-02T09:28:15.673230+00:00,core-p131072-off,91.625,89.0,57.85,2497,2000.0,100
1099.5105534819886,2026-10-02T09:28:16.681217+00:00,core-p131072-off,91.625,92.0,57.85,2497,2000.0,100
1100.5185746590141,2026-10-02T09:28:17.689237+00:00,core-p131072-off,91.625,90.0,57.85,2499,2000.0,100
1101.5264534400776,2026-10-02T09:28:18.697121+00:00,core-p131072-off,91.625,91.0,57.85,2495,2000.0,100
1102.5337281608954,2026-10-02T09:28:19.704389+00:00,core-p131072-off,92.125,84.0,57.85,2700,4917.185,99
1103.5413149420638,2026-10-02T09:28:20.711981+00:00,core-p131072-off,95.375,81.0,57.85,2827,4921.925,100
1104.5487870778888,2026-10-02T09:28:21.719453+00:00,core-p131072-off,96.5,81.0,57.85,2873,4914.047,100
1105.5556933409534,2026-10-02T09:28:22.726347+00:00,core-p131072-off,97.0,80.0,57.85,2890,4923.377,100
1106.5638412479311,2026-10-02T09:28:23.734507+00:00,core-p131072-off,97.125,81.0,57.85,2896,4921.239,100
1107.570930327056,2026-10-02T09:28:24.741587+00:00,core-p131072-off,95.875,96.0,57.85,2678,2000.0,94
1108.5789906969294,2026-10-02T09:28:25.749651+00:00,core-p131072-off,94.75,92.0,57.85,2593,2000.0,98
1109.586854713969,2026-10-02T09:28:26.757521+00:00,core-p131072-off,94.25,92.0,57.85,2576,2000.0,99
1110.5945673859678,2026-10-02T09:28:27.765228+00:00,core-p131072-off,94.0,92.0,57.85,2566,2000.0,100
1111.6027218259405,2026-10-02T09:28:28.773380+00:00,core-p131072-off,93.875,95.0,57.85,2562,2000.0,100
1112.6108736160677,2026-10-02T09:28:29.781507+00:00,core-p131072-off,93.75,93.0,57.85,2555,2000.0,100
1113.6187376049347,2026-10-02T09:28:30.789404+00:00,core-p131072-off,93.625,92.0,57.85,2542,2000.0,100
1114.6266658040695,2026-10-02T09:28:31.797330+00:00,core-p131072-off,93.5,93.0,57.85,2542,2000.0,100
1115.6350886670407,2026-10-02T09:28:32.805746+00:00,core-p131072-off,93.375,92.0,57.85,2540,2000.0,100
1116.6427353650797,2026-10-02T09:28:33.813403+00:00,core-p131072-off,93.25,95.0,57.85,2529,2000.0,100
1117.6562583178747,2026-10-02T09:28:34.826920+00:00,core-p131072-off,93.25,92.0,57.85,2525,2000.0,100
1118.6637533509638,2026-10-02T09:28:35.834410+00:00,core-p131072-off,93.125,92.0,57.85,2525,2000.0,100
1119.6710874498822,2026-10-02T09:28:36.841757+00:00,core-p131072-off,92.875,91.0,57.85,2516,2000.0,100
1120.6787528390996,2026-10-02T09:28:37.849408+00:00,core-p131072-off,92.875,93.0,57.85,2514,2000.0,100
1121.686991841998,2026-10-02T09:28:38.857651+00:00,core-p131072-off,92.75,93.0,57.85,2518,2000.0,100
1122.6948978758883,2026-10-02T09:28:39.865540+00:00,core-p131072-off,92.75,93.0,57.85,2511,2000.0,100
1123.7019803049043,2026-10-02T09:28:40.872639+00:00,core-p131072-off,92.625,93.0,57.85,2507,2000.0,100
1124.7098959689029,2026-10-02T09:28:41.880560+00:00,core-p131072-off,92.625,92.0,57.85,2508,2000.0,100
1125.7170655669179,2026-10-02T09:28:42.887732+00:00,core-p131072-off,92.5,91.0,57.85,2505,2000.0,100
1126.7250237909611,2026-10-02T09:28:43.895685+00:00,core-p131072-off,92.5,93.0,57.85,2504,2000.0,100
1127.73294837703,2026-10-02T09:28:44.903610+00:00,core-p131072-off,92.5,92.0,57.85,2509,2000.0,100
1128.7401923940051,2026-10-02T09:28:45.910847+00:00,core-p131072-off,92.5,93.0,57.85,2506,2027.666,100
1129.7483400639612,2026-10-02T09:28:46.919005+00:00,core-p131072-off,92.5,93.0,57.85,2503,2000.0,100
1130.7558461138979,2026-10-02T09:28:47.926479+00:00,core-p131072-off,92.5,92.0,57.85,2506,2000.0,100
1131.7640691730194,2026-10-02T09:28:48.934722+00:00,core-p131072-off,92.5,92.0,57.85,2506,2000.0,100
1132.7720172919799,2026-10-02T09:28:49.942683+00:00,core-p131072-off,92.5,91.0,57.85,2500,2000.0,100
1133.7792358619627,2026-10-02T09:28:50.949898+00:00,core-p131072-off,92.5,92.0,57.85,2503,2000.0,100
1134.7875361898914,2026-10-02T09:28:51.958144+00:00,core-p131072-off,92.25,77.0,57.85,2418,2019.114,95
1135.8112619880121,2026-10-02T09:28:52.981924+00:00,core-p131072-off,92.75,92.0,57.85,2475,2000.0,98
1136.820019043982,2026-10-02T09:28:53.990678+00:00,core-p131072-off,92.75,92.0,57.85,2494,2000.0,99
1137.8282253579237,2026-10-02T09:28:54.998885+00:00,core-p131072-off,92.5,92.0,57.85,2498,2000.0,100
1138.8359561059624,2026-10-02T09:28:56.006623+00:00,core-p131072-off,92.5,91.0,57.85,2497,2000.0,100
1139.8439070880413,2026-10-02T09:28:57.014570+00:00,core-p131072-off,92.5,92.0,57.85,2501,2000.0,100
1140.8520099560264,2026-10-02T09:28:58.022674+00:00,core-p131072-off,92.5,92.0,57.85,2499,2000.0,100
1141.860015738057,2026-10-02T09:28:59.030682+00:00,core-p131072-off,92.5,93.0,57.85,2498,2000.0,100
1142.8680622589309,2026-10-02T09:29:00.038720+00:00,core-p131072-off,92.5,92.0,57.85,2501,2000.0,100
1143.8761402589735,2026-10-02T09:29:01.046807+00:00,core-p131072-off,92.5,93.0,57.85,2498,2000.0,100
1144.884147221921,2026-10-02T09:29:02.054811+00:00,core-p131072-off,92.625,91.0,57.85,2496,2000.0,100
1145.8922165539116,2026-10-02T09:29:03.062878+00:00,core-p131072-off,92.625,91.0,57.85,2501,2000.0,100
1146.9011551309377,2026-10-02T09:29:04.071823+00:00,core-p131072-off,92.625,91.0,57.85,2496,2000.0,100
1147.9090682680253,2026-10-02T09:29:05.079728+00:00,core-p131072-off,92.625,90.0,57.85,2497,2000.0,100
1148.9173145769164,2026-10-02T09:29:06.087971+00:00,core-p131072-off,92.625,93.0,57.85,2500,2000.0,100
1149.9253768608905,2026-10-02T09:29:07.096043+00:00,core-p131072-off,92.625,91.0,57.85,2496,2000.0,100
1150.9332863208838,2026-10-02T09:29:08.103949+00:00,core-p131072-off,92.625,91.0,57.85,2496,2000.0,100
1151.9413093670737,2026-10-02T09:29:09.111917+00:00,core-p131072-off,93.0,92.0,57.85,2459,2000.0,97
1152.9494934100658,2026-10-02T09:29:10.120161+00:00,core-p131072-off,92.875,91.0,58.85,2478,2000.0,99
1153.9572485859971,2026-10-02T09:29:11.127909+00:00,core-p131072-off,92.75,92.0,58.85,2489,2000.0,99
1154.965212295996,2026-10-02T09:29:12.135867+00:00,core-p131072-off,92.75,92.0,58.85,2499,2334.387,100
1155.973244325025,2026-10-02T09:29:13.143912+00:00,core-p131072-off,92.75,92.0,58.85,2497,2000.0,100
1156.9815123369917,2026-10-02T09:29:14.152173+00:00,core-p131072-off,92.75,93.0,57.85,2501,2000.0,100
1157.989287903998,2026-10-02T09:29:15.159944+00:00,core-p131072-off,92.875,92.0,57.85,2504,2000.0,100
1158.9965205190238,2026-10-02T09:29:16.167187+00:00,core-p131072-off,92.75,92.0,57.85,2500,2000.0,100
1160.004354445031,2026-10-02T09:29:17.175010+00:00,core-p131072-off,92.875,92.0,57.85,2502,2000.0,100
1161.0123398280703,2026-10-02T09:29:18.182992+00:00,core-p131072-off,92.875,92.0,58.85,2507,2000.0,100
1162.0204134590458,2026-10-02T09:29:19.191079+00:00,core-p131072-off,92.875,91.0,58.85,2499,2000.0,100
1163.027533838991,2026-10-02T09:29:20.198187+00:00,core-p131072-off,92.875,92.0,57.85,2503,2000.0,100
1164.0354174659587,2026-10-02T09:29:21.206068+00:00,core-p131072-off,92.875,93.0,58.85,2504,2000.0,100
1165.0434518700931,2026-10-02T09:29:22.214119+00:00,core-p131072-off,92.875,94.0,58.85,2501,2000.0,100
1166.0504532349296,2026-10-02T09:29:23.221112+00:00,core-p131072-off,92.875,93.0,58.85,2501,2000.0,100
1167.0594540999737,2026-10-02T09:29:24.230122+00:00,core-p131072-off,92.875,92.0,58.85,2499,2000.0,100
1168.067191503942,2026-10-02T09:29:25.237854+00:00,core-p131072-off,92.875,93.0,58.85,2502,2000.0,100
1169.0745672399644,2026-10-02T09:29:26.245226+00:00,core-p131072-off,93.25,92.0,57.85,2466,2658.297,96
1170.08240070194,2026-10-02T09:29:27.253069+00:00,core-p131072-off,93.25,92.0,58.85,2484,2011.378,99
1171.0904895770364,2026-10-02T09:29:28.261154+00:00,core-p131072-off,93.125,91.0,58.85,2496,2000.0,99
1172.0984732860234,2026-10-02T09:29:29.269130+00:00,core-p131072-off,93.125,92.0,58.85,2505,2000.0,100
1173.106386797037,2026-10-02T09:29:30.277055+00:00,core-p131072-off,93.0,92.0,58.85,2499,2000.0,100
1174.114583090879,2026-10-02T09:29:31.285247+00:00,core-p131072-off,93.0,91.0,58.85,2499,2000.0,100
1175.1223841370083,2026-10-02T09:29:32.293042+00:00,core-p131072-off,93.0,93.0,58.85,2505,2000.0,100
1176.1305890008807,2026-10-02T09:29:33.301253+00:00,core-p131072-off,93.0,92.0,58.85,2501,2000.0,100
1177.1394772750791,2026-10-02T09:29:34.310134+00:00,core-p131072-off,93.125,92.0,58.85,2499,2000.0,100
1178.1475782538764,2026-10-02T09:29:35.318243+00:00,core-p131072-off,93.0,93.0,58.85,2497,2015.022,100
1179.1555778658949,2026-10-02T09:29:36.326242+00:00,core-p131072-off,93.125,91.0,58.85,2497,2000.0,100
1180.1635345399845,2026-10-02T09:29:37.334199+00:00,core-p131072-off,93.125,92.0,58.85,2503,2000.0,100
1181.1715107040945,2026-10-02T09:29:38.342175+00:00,core-p131072-off,93.0,93.0,58.85,2497,2000.0,100
1182.1796331740916,2026-10-02T09:29:39.350298+00:00,core-p131072-off,93.125,92.0,58.85,2497,2000.0,100
1183.1875632898882,2026-10-02T09:29:40.358224+00:00,core-p131072-off,93.125,91.0,58.85,2503,2000.0,100
1184.1954460979905,2026-10-02T09:29:41.366112+00:00,core-p131072-off,93.125,93.0,58.85,2497,2000.0,100
1185.2034900120925,2026-10-02T09:29:42.374152+00:00,core-p131072-off,93.125,93.0,58.85,2498,2189.915,100
1186.2117857490666,2026-10-02T09:29:43.382450+00:00,core-p131072-off,93.125,92.0,58.85,2497,2069.439,100
1187.2190707670525,2026-10-02T09:29:44.389738+00:00,core-p131072-off,93.125,94.0,58.85,2494,2000.0,100
1188.226715944009,2026-10-02T09:29:45.397374+00:00,core-p131072-off,93.125,94.0,58.85,2501,2000.0,100
1189.233846748015,2026-10-02T09:29:46.404515+00:00,core-p131072-off,93.125,93.0,58.85,2496,2000.0,100
1190.2426415919326,2026-10-02T09:29:47.413301+00:00,core-p131072-off,93.125,92.0,58.85,2496,2015.909,100
1191.250660289079,2026-10-02T09:29:48.421322+00:00,core-p131072-off,93.25,94.0,58.85,2502,2000.0,100
1192.2579307400156,2026-10-02T09:29:49.428598+00:00,core-p131072-off,93.25,94.0,58.85,2496,2000.0,100
1193.2657102460507,2026-10-02T09:29:50.436368+00:00,core-p131072-off,93.25,94.0,58.85,2498,2000.0,100
1194.2736977760214,2026-10-02T09:29:51.444361+00:00,core-p131072-off,93.25,94.0,58.85,2500,2000.0,100
1195.2815651509445,2026-10-02T09:29:52.452233+00:00,core-p131072-off,93.25,93.0,58.85,2495,2000.0,100
1196.28865094902,2026-10-02T09:29:53.459311+00:00,core-p131072-off,93.25,92.0,58.85,2498,2000.0,100
1197.2979285218753,2026-10-02T09:29:54.468596+00:00,core-p131072-off,93.25,92.0,58.85,2495,2000.0,100
1198.305766778998,2026-10-02T09:29:55.476429+00:00,core-p131072-off,93.375,92.0,58.85,2495,2014.895,100
1199.3139529260807,2026-10-02T09:29:56.484616+00:00,core-p131072-off,93.375,92.0,58.85,2498,2000.0,100
1200.32180095301,2026-10-02T09:29:57.492465+00:00,core-p131072-off,93.375,92.0,58.85,2492,2000.0,100
1201.3296822910197,2026-10-02T09:29:58.500340+00:00,core-p131072-off,93.375,93.0,58.85,2495,2000.0,100
1202.3378651689272,2026-10-02T09:29:59.508522+00:00,core-p131072-off,93.375,93.0,58.85,2500,2000.0,100
1203.345855524065,2026-10-02T09:30:00.516522+00:00,core-p131072-off,93.375,92.0,58.85,2493,2000.0,100
1204.3538437499665,2026-10-02T09:30:01.524503+00:00,core-p131072-off,93.375,92.0,58.85,2495,2000.0,100
1205.3618417649996,2026-10-02T09:30:02.532509+00:00,core-p131072-off,93.375,93.0,58.85,2492,2000.0,100
1206.3696503369138,2026-10-02T09:30:03.540310+00:00,core-p131072-off,93.75,85.0,58.85,2724,4909.241,99
1207.377599325031,2026-10-02T09:30:04.548243+00:00,core-p131072-off,96.375,84.0,58.85,2836,4857.646,100
1208.3851404159795,2026-10-02T09:30:05.555806+00:00,core-p131072-off,97.375,84.0,58.85,2876,4852.554,100
1209.3926118388772,2026-10-02T09:30:06.563273+00:00,core-p131072-off,97.75,83.0,58.85,2891,4906.314,100
1210.399123270996,2026-10-02T09:30:07.569786+00:00,core-p131072-off,97.75,83.0,58.85,2897,4873.952,100
1211.4061493990012,2026-10-02T09:30:08.576795+00:00,core-p131072-off,96.625,95.0,58.85,2640,2000.0,94
1212.4144444190897,2026-10-02T09:30:09.585101+00:00,core-p131072-off,95.75,94.0,58.85,2579,2000.0,98
1213.4220206509344,2026-10-02T09:30:10.592688+00:00,core-p131072-off,95.25,93.0,58.85,2561,2000.0,99
1214.4298277969938,2026-10-02T09:30:11.600472+00:00,core-p131072-off,95.0,95.0,58.85,2550,2000.0,100
1215.4380214719567,2026-10-02T09:30:12.608671+00:00,core-p131072-off,94.875,95.0,58.85,2544,2018.242,100
1216.446372892009,2026-10-02T09:30:13.617034+00:00,core-p131072-off,94.5,93.0,58.85,2542,2000.0,100
1217.4550388439093,2026-10-02T09:30:14.625706+00:00,core-p131072-off,94.375,92.0,58.85,2530,2000.0,100
1218.4620155259036,2026-10-02T09:30:15.632676+00:00,core-p131072-off,94.125,93.0,58.85,2528,2015.228,100
1219.469151213998,2026-10-02T09:30:16.639811+00:00,core-p131072-off,94.0,93.0,58.85,2529,2000.0,100
1220.4772211948875,2026-10-02T09:30:17.647889+00:00,core-p131072-off,93.75,92.0,58.85,2519,2000.0,100
1221.4848911089357,2026-10-02T09:30:18.655554+00:00,core-p131072-off,93.5,92.0,58.85,2516,2000.0,100
1222.4920851769857,2026-10-02T09:30:19.662743+00:00,core-p131072-off,93.5,94.0,58.85,2519,2000.0,100
1223.5002643559128,2026-10-02T09:30:20.670932+00:00,core-p131072-off,93.375,93.0,58.85,2512,2000.0,100
1224.5083177089691,2026-10-02T09:30:21.678982+00:00,core-p131072-off,93.25,92.0,58.85,2510,2000.0,100
1225.5163189140148,2026-10-02T09:30:22.686970+00:00,core-p131072-off,93.125,93.0,58.85,2510,2016.09,100
1226.5241121558938,2026-10-02T09:30:23.694776+00:00,core-p131072-off,93.0,94.0,58.85,2509,2000.0,100
1227.5332208590116,2026-10-02T09:30:24.703886+00:00,core-p131072-off,93.0,92.0,58.85,2505,2000.0,100
1228.5410724710673,2026-10-02T09:30:25.711733+00:00,core-p131072-off,93.0,93.0,58.85,2506,2000.0,100
1229.5493082609028,2026-10-02T09:30:26.719955+00:00,core-p131072-off,92.875,92.0,58.85,2510,2000.0,100
1230.5573171479627,2026-10-02T09:30:27.727983+00:00,core-p131072-off,93.0,92.0,58.85,2502,2000.0,100
1231.5651284419,2026-10-02T09:30:28.735790+00:00,core-p131072-off,93.0,92.0,58.85,2503,2000.0,100
1232.5734075130895,2026-10-02T09:30:29.744067+00:00,core-p131072-off,93.0,92.0,58.85,2507,2000.0,100
1233.5815331880003,2026-10-02T09:30:30.752191+00:00,core-p131072-off,93.0,92.0,58.85,2500,2000.0,100
1234.5902616260573,2026-10-02T09:30:31.760924+00:00,core-p131072-off,93.0,92.0,58.85,2502,2000.0,100
1235.5981015809812,2026-10-02T09:30:32.768762+00:00,core-p131072-off,92.875,92.0,58.85,2506,2000.0,100
1236.6063782928977,2026-10-02T09:30:33.777045+00:00,core-p131072-off,93.0,94.0,58.85,2498,2000.0,100
1237.6151393319014,2026-10-02T09:30:34.785792+00:00,core-p131072-off,93.25,92.0,58.85,2468,2000.0,97
1238.6232835990377,2026-10-02T09:30:35.793940+00:00,core-p131072-off,93.125,92.0,58.85,2493,2000.0,99
1239.6313297490124,2026-10-02T09:30:36.801997+00:00,core-p131072-off,93.0,91.0,58.85,2493,2000.0,100
1240.6391812460497,2026-10-02T09:30:37.809841+00:00,core-p131072-off,93.0,92.0,58.85,2496,2000.0,100
1241.6472548570018,2026-10-02T09:30:38.817919+00:00,core-p131072-off,93.0,92.0,58.85,2501,2000.0,100
1242.6551425838843,2026-10-02T09:30:39.825810+00:00,core-p131072-off,92.875,92.0,58.85,2494,2000.0,100
1243.6626662320923,2026-10-02T09:30:40.833330+00:00,core-p131072-off,92.875,91.0,58.85,2497,2000.0,100
1244.6702460390516,2026-10-02T09:30:41.840905+00:00,core-p131072-off,92.875,94.0,58.85,2500,2000.0,100
1245.6782758228946,2026-10-02T09:30:42.848942+00:00,core-p131072-off,92.875,92.0,58.85,2494,2000.0,100
1246.6862996970303,2026-10-02T09:30:43.856961+00:00,core-p131072-off,93.0,93.0,58.85,2498,2000.0,100
1247.6945632048883,2026-10-02T09:30:44.865208+00:00,core-p131072-off,92.875,93.0,58.85,2502,2000.0,100
1248.7023630279582,2026-10-02T09:30:45.873029+00:00,core-p131072-off,93.0,94.0,58.85,2495,2000.0,100
1249.7103318050504,2026-10-02T09:30:46.880993+00:00,core-p131072-off,93.0,92.0,58.85,2498,2000.0,100
1250.7183376620524,2026-10-02T09:30:47.888975+00:00,core-p131072-off,93.0,89.0,58.85,2499,2000.0,100
1251.7264055679552,2026-10-02T09:30:48.897063+00:00,core-p131072-off,93.0,92.0,58.85,2492,2000.0,100
1252.7343402579427,2026-10-02T09:30:49.905000+00:00,core-p131072-off,93.0,94.0,58.85,2498,2000.0,100
1253.7425603598822,2026-10-02T09:30:50.913227+00:00,core-p131072-off,93.0,89.0,58.85,2495,2000.0,100
1254.7516007279046,2026-10-02T09:30:51.922264+00:00,core-p131072-off,93.0,92.0,58.85,2496,2000.0,100
1255.7594649810344,2026-10-02T09:30:52.930126+00:00,core-p131072-off,93.125,92.0,58.85,2498,2000.0,100
1256.7674226020463,2026-10-02T09:30:53.938089+00:00,core-p131072-off,93.125,93.0,58.85,2494,2000.0,100
1257.7764253329951,2026-10-02T09:30:54.947086+00:00,core-p131072-off,93.125,92.0,58.85,2494,2000.0,100
1258.7844354829285,2026-10-02T09:30:55.955093+00:00,core-p131072-off,93.125,95.0,58.85,2501,2000.0,100
1259.7925369408913,2026-10-02T09:30:56.963204+00:00,core-p131072-off,93.125,94.0,58.85,2499,2000.0,100
1260.8004837250337,2026-10-02T09:30:57.971143+00:00,core-p131072-off,93.125,94.0,58.85,2499,2000.0,100
1261.8083996789064,2026-10-02T09:30:58.979065+00:00,core-p131072-off,93.25,93.0,58.85,2504,2000.0,100
1262.8166620139964,2026-10-02T09:30:59.987330+00:00,core-p131072-off,93.125,93.0,58.85,2499,2000.0,100
1263.8243586970493,2026-10-02T09:31:00.995019+00:00,core-p131072-off,93.25,93.0,58.85,2501,2000.0,100
1264.8325852830894,2026-10-02T09:31:02.003241+00:00,core-p131072-off,93.25,92.0,58.85,2504,2000.0,100
1265.8464735609014,2026-10-02T09:31:03.017142+00:00,core-p131072-off,93.25,92.0,58.85,2499,2000.0,100
1266.8543900679797,2026-10-02T09:31:04.025054+00:00,core-p131072-off,93.25,92.0,58.85,2501,2000.0,100
1267.8625696180388,2026-10-02T09:31:05.033230+00:00,core-p131072-off,93.25,93.0,58.85,2504,2000.0,100
1268.8718740439508,2026-10-02T09:31:06.042540+00:00,core-p131072-off,93.25,93.0,58.85,2498,2000.0,100
1269.8796150579583,2026-10-02T09:31:07.050276+00:00,core-p131072-off,93.375,92.0,58.85,2501,2000.0,100
1270.887790289009,2026-10-02T09:31:08.058442+00:00,core-p131072-off,93.25,94.0,58.85,2501,2000.0,100
1271.8961309650913,2026-10-02T09:31:09.066799+00:00,core-p131072-off,93.375,94.0,58.85,2499,2000.0,100
1272.9035180099308,2026-10-02T09:31:10.074180+00:00,core-p131072-off,93.375,92.0,58.85,2502,2000.0,100
1273.9108596080914,2026-10-02T09:31:11.081527+00:00,core-p131072-off,93.375,92.0,58.85,2498,2000.0,100
1274.9185976430308,2026-10-02T09:31:12.089258+00:00,core-p131072-off,93.5,93.0,58.85,2499,2325.096,100
1275.92584024393,2026-10-02T09:31:13.096496+00:00,core-p131072-off,93.5,92.0,58.85,2502,2000.0,100
1276.9336649179459,2026-10-02T09:31:14.104331+00:00,core-p131072-off,93.5,94.0,58.85,2498,2000.0,100
1277.9417376450729,2026-10-02T09:31:15.112398+00:00,core-p131072-off,93.5,93.0,58.85,2499,2000.0,100
1278.949781283969,2026-10-02T09:31:16.120434+00:00,core-p131072-off,93.625,93.0,58.85,2502,2000.0,100
1279.9578327420168,2026-10-02T09:31:17.128499+00:00,core-p131072-off,93.625,94.0,58.85,2497,2000.0,100
1280.9657515950967,2026-10-02T09:31:18.136410+00:00,core-p131072-off,93.625,92.0,58.85,2500,2000.0,100
1281.973881562939,2026-10-02T09:31:19.144483+00:00,core-p131072-off,93.5,95.0,58.85,2502,2000.0,100
1282.9828255160246,2026-10-02T09:31:20.153478+00:00,core-p131072-off,93.5,92.0,58.85,2498,2000.0,100
1283.9906684020534,2026-10-02T09:31:21.161332+00:00,core-p131072-off,93.625,92.0,58.85,2500,2000.0,100
1284.998747172067,2026-10-02T09:31:22.169408+00:00,core-p131072-off,93.625,94.0,58.85,2496,2000.0,100
1286.0068711710628,2026-10-02T09:31:23.177528+00:00,core-p131072-off,93.5,94.0,58.85,2496,2000.0,100
1287.0148581350222,2026-10-02T09:31:24.185520+00:00,core-p131072-off,93.625,95.0,58.85,2497,2000.0,100
1288.0238563888706,2026-10-02T09:31:25.194524+00:00,core-p131072-off,93.5,94.0,58.85,2495,2000.0,100
1289.0317505660933,2026-10-02T09:31:26.202403+00:00,core-p131072-off,93.75,94.0,59.85,2454,2000.0,98
1290.03984445706,2026-10-02T09:31:27.210498+00:00,core-p131072-off,93.75,95.0,59.85,2484,2000.0,99
1291.0479945279658,2026-10-02T09:31:28.218661+00:00,core-p131072-off,93.75,92.0,58.85,2489,2000.0,100
1292.0558726969175,2026-10-02T09:31:29.226534+00:00,core-p131072-off,93.75,94.0,58.85,2497,2000.0,100
1293.0639119409025,2026-10-02T09:31:30.234579+00:00,core-p131072-off,93.75,92.0,58.85,2494,2000.0,100
1294.071766542038,2026-10-02T09:31:31.242430+00:00,core-p131072-off,93.625,94.0,59.85,2495,2000.0,100
1295.0798646749463,2026-10-02T09:31:32.250521+00:00,core-p131072-off,93.625,95.0,59.85,2500,2000.0,100
1296.088029176928,2026-10-02T09:31:33.258696+00:00,core-p131072-off,93.625,93.0,59.85,2494,2000.0,100
1297.095922878012,2026-10-02T09:31:34.266586+00:00,core-p131072-off,93.625,95.0,59.85,2494,2000.0,100
1298.1041316199116,2026-10-02T09:31:35.274786+00:00,core-p131072-off,93.625,95.0,59.85,2499,2000.0,100
1299.1120794389863,2026-10-02T09:31:36.282746+00:00,core-p131072-off,93.625,92.0,59.85,2493,2000.0,100
1300.1197398279328,2026-10-02T09:31:37.290403+00:00,core-p131072-off,93.75,92.0,58.85,2492,2000.0,100
1301.126951660961,2026-10-02T09:31:38.297604+00:00,core-p131072-off,93.625,93.0,59.85,2494,2000.0,100
1302.135006178869,2026-10-02T09:31:39.305671+00:00,core-p131072-off,93.625,93.0,58.85,2493,2000.0,100
1303.1420261280145,2026-10-02T09:31:40.312683+00:00,core-p131072-off,93.75,94.0,58.85,2498,2000.0,100
1304.1499018720351,2026-10-02T09:31:41.320569+00:00,core-p131072-off,93.75,93.0,58.85,2492,2012.539,100
1305.1570159390103,2026-10-02T09:31:42.327677+00:00,core-p131072-off,93.75,94.0,59.85,2493,2000.0,100
1306.1651995249558,2026-10-02T09:31:43.335857+00:00,core-p131072-off,93.75,93.0,58.85,2498,2000.0,100
1307.1732899229974,2026-10-02T09:31:44.343955+00:00,core-p131072-off,93.75,93.0,59.85,2493,2000.0,100
1308.1821637388784,2026-10-02T09:31:45.352825+00:00,core-p131072-off,93.75,93.0,59.85,2495,2015.749,100
1309.1900312460493,2026-10-02T09:31:46.360697+00:00,core-p131072-off,93.75,89.0,59.85,2494,2000.0,100
1310.198149594944,2026-10-02T09:31:47.368799+00:00,core-p131072-off,94.5,85.0,59.85,2743,4878.714,99
1311.2058733960148,2026-10-02T09:31:48.376539+00:00,core-p131072-off,96.625,83.0,59.85,2843,4905.885,100
1312.2128734099679,2026-10-02T09:31:49.383537+00:00,core-p131072-off,97.375,84.0,59.85,2879,4878.378,100
1313.219785895897,2026-10-02T09:31:50.390451+00:00,core-p131072-off,97.75,83.0,59.85,2892,4922.276,100
1314.2267427120823,2026-10-02T09:31:51.397416+00:00,core-p131072-off,97.875,84.0,59.85,2897,4888.67,100
1315.233770705061,2026-10-02T09:31:52.404430+00:00,core-p131072-ram,90.5,69.0,59.85,1734,5079.84,43
1316.2410310818814,2026-10-02T09:31:53.411676+00:00,core-p131072-ram,84.875,68.0,59.85,1031,4999.993,16
1317.2575151049532,2026-10-02T09:31:54.428171+00:00,core-p131072-ram,83.625,68.0,59.85,854,4915.485,7
1318.297815907048,2026-10-02T09:31:55.468456+00:00,core-p131072-ram,78.875,68.0,60.85,1231,3578.136,12
1319.3479791050777,2026-10-02T09:31:56.518633+00:00,core-p131072-ram,75.125,67.0,61.85,1430,3558.576,15
1320.386794921942,2026-10-02T09:31:57.557443+00:00,core-p131072-ram,72.75,67.0,61.85,1510,3557.971,16
1321.425868491875,2026-10-02T09:31:58.596519+00:00,core-p131072-ram,71.125,66.0,62.85,1534,3558.933,16
1322.469744879054,2026-10-02T09:31:59.640381+00:00,core-p131072-ram,69.875,66.0,62.85,1433,3560.892,15
1323.5199020789005,2026-10-02T09:32:00.690546+00:00,core-p131072-ram,68.875,65.0,62.85,1425,3567.332,15
1324.5668627149425,2026-10-02T09:32:01.737516+00:00,core-p131072-ram,68.0,64.0,62.85,1408,3567.795,15
1325.618029495934,2026-10-02T09:32:02.788674+00:00,core-p131072-ram,67.25,63.0,63.85,1394,3564.869,14
1326.6642219249625,2026-10-02T09:32:03.834880+00:00,core-p131072-ram,66.625,63.0,63.85,1435,3568.142,15
1327.710097084986,2026-10-02T09:32:04.880744+00:00,core-p131072-ram,66.125,63.0,63.85,1408,3558.054,14
1328.7549314759672,2026-10-02T09:32:05.925583+00:00,core-p131072-ram,65.75,63.0,63.85,1410,3565.008,14
1329.8049351728987,2026-10-02T09:32:06.975593+00:00,core-p131072-ram,65.375,62.0,63.85,1397,3573.964,14
1330.851246441016,2026-10-02T09:32:08.021904+00:00,core-p131072-ram,65.0,62.0,64.85,1392,3573.298,14
1331.926733128028,2026-10-02T09:32:09.097372+00:00,core-p131072-ram,64.75,63.0,64.85,1428,3565.494,15
1332.9750651069917,2026-10-02T09:32:10.145716+00:00,core-p131072-ram,64.5,62.0,64.85,1405,3573.519,14
1334.025101985084,2026-10-02T09:32:11.195749+00:00,core-p131072-ram,64.25,62.0,64.85,1408,3566.61,14
1335.0699548979755,2026-10-02T09:32:12.240601+00:00,core-p131072-ram,64.0,61.0,65.85,1400,3557.706,15
1336.114871678874,2026-10-02T09:32:13.285522+00:00,core-p131072-ram,63.875,61.0,65.85,1417,3564.158,14
1337.1620792429894,2026-10-02T09:32:14.332725+00:00,core-p131072-ram,63.625,61.0,64.85,1413,3568.854,15
1338.2102960769553,2026-10-02T09:32:15.380941+00:00,core-p131072-ram,72.75,90.0,63.85,1896,3575.438,48
1339.2190069600474,2026-10-02T09:32:16.389650+00:00,core-p131072-ram,84.5,93.0,63.85,2407,4973.708,80
1340.22577434103,2026-10-02T09:32:17.396441+00:00,core-p131072-ram,90.0,92.0,62.85,2599,5024.337,93
1341.2335725219455,2026-10-02T09:32:18.404234+00:00,core-p131072-ram,92.625,93.0,62.85,2663,5015.758,97
1342.2413103359286,2026-10-02T09:32:19.411966+00:00,core-p131072-ram,94.375,94.0,62.85,2687,5008.99,99
1343.248789486941,2026-10-02T09:32:20.419446+00:00,core-p131072-ram,95.375,95.0,62.85,2696,5012.85,100
1344.256259239046,2026-10-02T09:32:21.426925+00:00,core-p131072-ram,96.375,95.0,61.85,2691,5000.878,100
1345.262740601087,2026-10-02T09:32:22.433402+00:00,core-p131072-ram,97.0,95.0,61.85,2688,4999.309,100
1346.270207334077,2026-10-02T09:32:23.440860+00:00,core-p131072-ram,97.5,99.0,61.85,2683,4983.854,100
1347.278000986902,2026-10-02T09:32:24.448655+00:00,core-p131072-ram,97.875,97.0,61.85,2680,4382.498,100
1348.2860855720937,2026-10-02T09:32:25.456754+00:00,core-p131072-ram,98.125,96.0,61.85,2667,2000.0,100
1349.2944932479877,2026-10-02T09:32:26.465153+00:00,core-p131072-ram,97.25,96.0,60.85,2635,2000.0,100
1350.301924644038,2026-10-02T09:32:27.472582+00:00,core-p131072-ram,96.875,96.0,60.85,2631,2000.0,100
1351.309667309979,2026-10-02T09:32:28.480332+00:00,core-p131072-ram,96.75,97.0,60.85,2627,2286.46,100
1352.3169535009656,2026-10-02T09:32:29.487611+00:00,core-p131072-ram,96.875,98.0,60.85,2623,2000.0,100
1353.3247058780398,2026-10-02T09:32:30.495364+00:00,core-p131072-ram,97.0,96.0,60.85,2625,2000.0,100
1354.3327173679136,2026-10-02T09:32:31.503378+00:00,core-p131072-ram,97.0,96.0,60.85,2625,2014.981,100
1355.3407260980457,2026-10-02T09:32:32.511393+00:00,core-p131072-ram,97.125,96.0,60.85,2623,2000.0,100
1356.3486156419385,2026-10-02T09:32:33.519272+00:00,core-p131072-ram,97.125,98.0,59.85,2625,2000.0,100
1357.3567014299333,2026-10-02T09:32:34.527355+00:00,core-p131072-ram,97.125,96.0,59.85,2629,2031.468,100
1358.3646468529478,2026-10-02T09:32:35.535312+00:00,core-p131072-ram,97.25,96.0,59.85,2621,2000.0,100
1359.3734487509355,2026-10-02T09:32:36.544112+00:00,core-p131072-ram,97.25,98.0,60.85,2623,2000.0,100
1360.3816408480052,2026-10-02T09:32:37.552292+00:00,core-p131072-ram,97.25,95.0,59.85,2628,2000.0,100
1361.3908262050245,2026-10-02T09:32:38.561472+00:00,core-p131072-ram,97.25,96.0,59.85,2620,2000.0,100
1362.3985908650793,2026-10-02T09:32:39.569250+00:00,core-p131072-ram,97.25,95.0,59.85,2621,2000.0,100
1363.4066893749405,2026-10-02T09:32:40.577344+00:00,core-p131072-ram,97.25,97.0,59.85,2625,2000.0,100
1364.4146062810905,2026-10-02T09:32:41.585274+00:00,core-p131072-ram,97.25,97.0,58.85,2621,2000.0,100
1365.4226759229787,2026-10-02T09:32:42.593335+00:00,core-p131072-ram,97.25,96.0,59.85,2620,2000.0,100
1366.4306053700857,2026-10-02T09:32:43.601268+00:00,core-p131072-ram,97.25,97.0,59.85,2623,2000.0,100
1367.4388223779388,2026-10-02T09:32:44.609456+00:00,core-p131072-ram,97.125,97.0,59.85,2624,2000.0,100
1368.4469944580924,2026-10-02T09:32:45.617661+00:00,core-p131072-ram,97.125,96.0,58.85,2618,2014.628,100
1369.45574773103,2026-10-02T09:32:46.626408+00:00,core-p131072-ram,97.0,95.0,58.85,2621,2000.0,100
1370.4636669300962,2026-10-02T09:32:47.634317+00:00,core-p131072-ram,97.0,96.0,58.85,2631,2000.0,100
1371.4717300839256,2026-10-02T09:32:48.642398+00:00,core-p131072-ram,96.875,96.0,58.85,2623,2000.0,100
1372.479740000097,2026-10-02T09:32:49.650394+00:00,core-p131072-ram,96.875,95.0,58.85,2625,2000.0,100
1373.4878481740598,2026-10-02T09:32:50.658500+00:00,core-p131072-ram,96.75,97.0,58.85,2631,2000.0,100
1374.4958528610878,2026-10-02T09:32:51.666519+00:00,core-p131072-ram,96.625,95.0,58.85,2625,2000.0,100
1375.5038171599153,2026-10-02T09:32:52.674463+00:00,core-p131072-ram,96.625,97.0,58.85,2627,2000.0,100
1376.5119678738993,2026-10-02T09:32:53.682621+00:00,core-p131072-ram,96.625,97.0,58.85,2625,2000.0,100
1377.52009098907,2026-10-02T09:32:54.690757+00:00,core-p131072-ram,96.625,95.0,58.85,2622,2000.0,100
1378.5278374750633,2026-10-02T09:32:55.698497+00:00,core-p131072-ram,96.75,97.0,58.85,2623,2000.0,100
1379.5359195219353,2026-10-02T09:32:56.706583+00:00,core-p131072-ram,96.75,94.0,58.85,2627,2000.0,100
1380.5438571129926,2026-10-02T09:32:57.714524+00:00,core-p131072-ram,96.75,97.0,58.85,2622,2009.234,100
1381.5535221830942,2026-10-02T09:32:58.724161+00:00,core-p131072-ram,96.875,96.0,58.85,2623,2108.217,100
1382.5626323900651,2026-10-02T09:32:59.733271+00:00,core-p131072-ram,97.0,96.0,58.85,2629,2186.833,100
1383.5730780579615,2026-10-02T09:33:00.743740+00:00,core-p131072-ram,97.0,96.0,58.85,2624,2000.0,100
1384.5810006409883,2026-10-02T09:33:01.751661+00:00,core-p131072-ram,97.125,98.0,58.85,2628,2000.0,100
1385.5892012759577,2026-10-02T09:33:02.759854+00:00,core-p131072-ram,97.125,95.0,58.85,2627,2000.0,100
1386.597013772931,2026-10-02T09:33:03.767678+00:00,core-p131072-ram,97.0,95.0,58.85,2625,2000.0,100
1387.6050069648772,2026-10-02T09:33:04.775662+00:00,core-p131072-ram,97.125,96.0,58.85,2627,2000.0,100
1388.6129517590161,2026-10-02T09:33:05.783613+00:00,core-p131072-ram,97.125,96.0,58.85,2630,2000.0,100
1389.6214534970932,2026-10-02T09:33:06.792122+00:00,core-p131072-ram,97.125,97.0,58.85,2626,2000.0,100
1390.6291655290406,2026-10-02T09:33:07.799826+00:00,core-p131072-ram,97.125,96.0,58.85,2626,2000.0,100
1391.6370312459767,2026-10-02T09:33:08.807690+00:00,core-p131072-ram,97.25,97.0,58.85,2629,2000.0,100
1392.645066959085,2026-10-02T09:33:09.815728+00:00,core-p131072-ram,97.25,98.0,58.85,2625,2000.0,100
1393.6531061120331,2026-10-02T09:33:10.823769+00:00,core-p131072-ram,97.25,97.0,58.85,2625,2000.0,100
1394.6610647470225,2026-10-02T09:33:11.831728+00:00,core-p131072-ram,97.25,97.0,58.85,2629,2000.0,100
1395.669302814873,2026-10-02T09:33:12.839968+00:00,core-p131072-ram,97.25,97.0,58.85,2626,2000.0,100
1396.6770945559256,2026-10-02T09:33:13.847751+00:00,core-p131072-ram,97.25,96.0,58.85,2624,2000.0,100
1397.6851661698893,2026-10-02T09:33:14.855827+00:00,core-p131072-ram,97.125,97.0,57.85,2624,2000.0,100
1398.6931357858703,2026-10-02T09:33:15.863804+00:00,core-p131072-ram,97.125,96.0,58.85,2623,2000.0,100
1399.701102583902,2026-10-02T09:33:16.871764+00:00,core-p131072-ram,97.0,95.0,58.85,2625,2000.0,100
1400.7090219520032,2026-10-02T09:33:17.879681+00:00,core-p131072-ram,96.75,94.0,58.85,2621,2000.0,100
1401.7231483468786,2026-10-02T09:33:18.893816+00:00,core-p131072-ram,95.75,92.0,58.85,2589,2000.0,100
1402.7312394010369,2026-10-02T09:33:19.901885+00:00,core-p131072-ram,95.0,94.0,58.85,2576,2000.0,100
1403.739343146095,2026-10-02T09:33:20.910002+00:00,core-p131072-ram,94.25,93.0,57.85,2570,2000.0,100
1404.7473230939358,2026-10-02T09:33:21.917990+00:00,core-p131072-ram,93.625,91.0,58.85,2556,2000.0,100
1405.7553729009815,2026-10-02T09:33:22.926027+00:00,core-p131072-ram,93.125,91.0,57.85,2552,2297.539,100
1406.764491386013,2026-10-02T09:33:23.935144+00:00,core-p131072-ram,92.75,93.0,57.85,2551,2000.0,100
1407.7722900509834,2026-10-02T09:33:24.942958+00:00,core-p131072-ram,92.375,90.0,57.85,2541,2000.0,100
1408.780259910971,2026-10-02T09:33:25.950914+00:00,core-p131072-ram,92.125,91.0,57.85,2539,2000.0,100
1409.7893068089616,2026-10-02T09:33:26.959952+00:00,core-p131072-ram,91.875,87.0,58.85,2535,2000.0,100
1410.7972184019163,2026-10-02T09:33:27.967884+00:00,core-p131072-ram,91.75,92.0,57.85,2528,2000.0,100
1411.8053472579923,2026-10-02T09:33:28.975995+00:00,core-p131072-ram,91.625,91.0,57.85,2526,2000.0,100
1412.813418156933,2026-10-02T09:33:29.984077+00:00,core-p131072-ram,91.5,90.0,57.85,2521,2000.0,100
1413.8213944179006,2026-10-02T09:33:30.992053+00:00,core-p131072-ram,91.5,91.0,58.85,2520,2000.0,100
1414.8293275919277,2026-10-02T09:33:31.999981+00:00,core-p131072-ram,91.5,92.0,58.85,2522,2000.0,100
1415.8374154008925,2026-10-02T09:33:33.008083+00:00,core-p131072-ram,91.375,93.0,57.85,2514,2000.0,100
1416.8456270759925,2026-10-02T09:33:34.016285+00:00,core-p131072-ram,91.375,90.0,57.85,2513,2000.0,100
1417.8534112749621,2026-10-02T09:33:35.024069+00:00,core-p131072-ram,91.375,92.0,58.85,2514,2000.0,100
1418.8614809960127,2026-10-02T09:33:36.032147+00:00,core-p131072-ram,91.25,89.0,58.85,2509,2000.0,100
1419.8702705248725,2026-10-02T09:33:37.040927+00:00,core-p131072-ram,91.375,89.0,58.85,2508,2000.0,100
1420.8783523258753,2026-10-02T09:33:38.049008+00:00,core-p131072-ram,91.25,90.0,58.85,2505,2065.551,100
1421.8864040779881,2026-10-02T09:33:39.057070+00:00,core-p131072-ram,91.25,90.0,58.85,2504,2000.0,100
1422.8943423840683,2026-10-02T09:33:40.064988+00:00,core-p131072-ram,91.375,90.0,58.85,2507,2000.0,100
1423.9025442020502,2026-10-02T09:33:41.073204+00:00,core-p131072-ram,91.375,90.0,57.85,2502,2000.0,100
1424.9113291229587,2026-10-02T09:33:42.081993+00:00,core-p131072-ram,91.5,92.0,58.85,2504,2337.89,100
1425.9195593008772,2026-10-02T09:33:43.090217+00:00,core-p131072-ram,91.5,90.0,58.85,2509,2000.0,100
1426.9284836689476,2026-10-02T09:33:44.099151+00:00,core-p131072-ram,91.5,92.0,58.85,2501,2000.0,100
1427.9364410450216,2026-10-02T09:33:45.107104+00:00,core-p131072-ram,91.625,91.0,58.85,2503,2000.0,100
1428.9444398609921,2026-10-02T09:33:46.115095+00:00,core-p131072-ram,91.5,91.0,58.85,2505,2000.0,100
1429.9535735640675,2026-10-02T09:33:47.124241+00:00,core-p131072-ram,91.5,91.0,58.85,2500,2000.0,100
1430.9615021820646,2026-10-02T09:33:48.132163+00:00,core-p131072-ram,91.625,90.0,58.85,2503,2000.0,100
1431.9694742700085,2026-10-02T09:33:49.140141+00:00,core-p131072-ram,91.5,92.0,58.85,2499,2000.0,100
1432.977537495084,2026-10-02T09:33:50.148194+00:00,core-p131072-ram,91.625,91.0,57.85,2497,2000.0,100
1433.9856203799136,2026-10-02T09:33:51.156275+00:00,core-p131072-ram,90.375,72.0,58.85,2435,4999.007,85
1434.9928963999264,2026-10-02T09:33:52.163549+00:00,core-p131072-ram,90.625,85.0,58.85,2545,4920.42,86
1436.0003884029575,2026-10-02T09:33:53.171048+00:00,core-p131072-ram,94.875,83.0,58.85,2770,4930.483,95
1437.007721530972,2026-10-02T09:33:54.178334+00:00,core-p131072-ram,96.375,81.0,58.85,2853,4920.438,98
1438.0146249630488,2026-10-02T09:33:55.185281+00:00,core-p131072-ram,97.0,80.0,58.85,2883,4940.895,99
1439.0218176459894,2026-10-02T09:33:56.192491+00:00,core-p131072-ram,97.25,80.0,58.85,2894,4916.262,99
1440.0303648388945,2026-10-02T09:33:57.201019+00:00,core-p131072-ram,96.0,84.0,58.85,2785,4920.277,92
1441.044698880054,2026-10-02T09:33:58.215365+00:00,core-p131072-ram,97.0,83.0,58.85,2858,4921.434,97
1442.0517916469835,2026-10-02T09:33:59.222457+00:00,core-p131072-ram,97.375,81.0,58.85,2885,4905.982,99
1443.0586831099354,2026-10-02T09:34:00.229349+00:00,core-p131072-ram,97.5,81.0,58.85,2894,4922.766,99
1444.0656190828886,2026-10-02T09:34:01.236285+00:00,core-p131072-ram,97.5,80.0,57.85,2898,4920.49,100
1445.0739577340428,2026-10-02T09:34:02.244603+00:00,core-p131072-ram,95.625,83.0,57.85,2766,4971.98,91
1446.0815476970747,2026-10-02T09:34:03.252214+00:00,core-p131072-ram,96.5,83.0,58.85,2851,4921.392,97
1447.088690253906,2026-10-02T09:34:04.259356+00:00,core-p131072-ram,96.75,80.0,57.85,2882,4913.606,99
1448.095802691998,2026-10-02T09:34:05.266468+00:00,core-p131072-ram,96.625,80.0,58.85,2893,4924.926,99
1449.1028630090877,2026-10-02T09:34:06.273523+00:00,core-p131072-ram,96.625,80.0,58.85,2898,4921.966,100
1450.111439513974,2026-10-02T09:34:07.282080+00:00,core-p131072-ram,95.875,71.0,57.85,2800,4987.835,93
1451.1207922368776,2026-10-02T09:34:08.291448+00:00,core-p131072-ram,96.125,83.0,57.85,2832,4914.974,95
1452.12842890108,2026-10-02T09:34:09.299095+00:00,core-p131072-ram,96.5,80.0,57.85,2875,4922.029,98
1453.1357711039018,2026-10-02T09:34:10.306436+00:00,core-p131072-ram,96.625,80.0,57.85,2891,4920.869,99
1454.1433096320834,2026-10-02T09:34:11.313975+00:00,core-p131072-ram,96.5,80.0,57.85,2897,4923.069,100
1455.1499336569104,2026-10-02T09:34:12.320588+00:00,core-p131072-ram,96.375,79.0,57.85,2899,4927.367,100
1456.1574805648997,2026-10-02T09:34:13.328123+00:00,core-p131072-ram,89.0,65.0,57.85,1893,2001.28,48
1457.1656996230595,2026-10-02T09:34:14.336358+00:00,core-p131072-ssd-write,82.625,65.0,57.85,1094,5058.492,18
1458.173600371927,2026-10-02T09:34:15.344251+00:00,core-p131072-ssd-write,79.5,64.0,57.85,797,5051.501,7
1459.1840008860454,2026-10-02T09:34:16.354657+00:00,core-p131072-ssd-write,75.875,63.0,57.85,766,3569.64,4
1460.2244043559767,2026-10-02T09:34:17.395057+00:00,core-p131072-ssd-write,71.875,63.0,59.85,1162,3561.825,11
1461.270551214926,2026-10-02T09:34:18.441205+00:00,core-p131072-ssd-write,69.375,63.0,59.85,1382,3598.819,15
1462.3086525439285,2026-10-02T09:34:19.479311+00:00,core-p131072-ssd-write,67.625,63.0,59.85,1442,3543.7,16
1463.346828481881,2026-10-02T09:34:20.517475+00:00,core-p131072-ssd-write,66.5,62.0,60.85,1467,3542.665,16
1464.387884824071,2026-10-02T09:34:21.558539+00:00,core-p131072-ssd-write,65.625,62.0,60.85,1429,3574.817,16
1465.4372642680537,2026-10-02T09:34:22.607914+00:00,core-p131072-ssd-write,64.75,61.0,60.85,1393,3566.745,15
1466.4825015158858,2026-10-02T09:34:23.653147+00:00,core-p131072-ssd-write,64.125,61.0,60.85,1405,3570.635,15
1467.5284861030523,2026-10-02T09:34:24.699130+00:00,core-p131072-ssd-write,63.625,60.0,61.85,1381,3578.601,14
1468.5743210630026,2026-10-02T09:34:25.744976+00:00,core-p131072-ssd-write,63.25,60.0,61.85,1364,3563.14,14
1469.62192580197,2026-10-02T09:34:26.792569+00:00,core-p131072-ssd-write,62.875,60.0,61.85,1385,3568.314,14
1470.669639807893,2026-10-02T09:34:27.840283+00:00,core-p131072-ssd-write,62.625,60.0,61.85,1370,3577.88,14
1471.7179212770425,2026-10-02T09:34:28.888578+00:00,core-p131072-ssd-write,62.375,59.0,62.85,1395,3572.736,14
1472.7684735879302,2026-10-02T09:34:29.939120+00:00,core-p131072-ssd-write,62.125,60.0,62.85,1378,3564.071,14
1473.817661450943,2026-10-02T09:34:30.988305+00:00,core-p131072-ssd-write,62.0,59.0,62.85,1354,3553.683,14
1474.8667017079424,2026-10-02T09:34:32.037346+00:00,core-p131072-ssd-write,61.75,59.0,63.85,1367,3559.751,14
1475.912465892965,2026-10-02T09:34:33.083108+00:00,core-p131072-ssd-write,61.5,59.0,62.85,1300,3593.807,13
1476.960912069073,2026-10-02T09:34:34.131555+00:00,core-p131072-ssd-write,61.375,59.0,63.85,1333,3605.616,13
1478.00759852794,2026-10-02T09:34:35.178253+00:00,core-p131072-ssd-write,61.25,58.0,63.85,1401,3554.933,15
1479.0536951839458,2026-10-02T09:34:36.224348+00:00,core-p131072-ssd-write,61.0,58.0,63.85,1397,3571.792,14
1480.1395756250713,2026-10-02T09:34:37.310219+00:00,core-p131072-ssd-write,60.875,58.0,63.85,1194,3549.323,11
1481.1506704750936,2026-10-02T09:34:38.321321+00:00,core-p131072-ssd-write,61.0,58.0,62.85,834,3607.297,4
1482.160405256087,2026-10-02T09:34:39.331054+00:00,core-p131072-ssd-write,64.75,57.0,62.85,701,5101.468,2
1483.171213283902,2026-10-02T09:34:40.341873+00:00,core-p131072-ssd-write,69.125,57.0,62.85,652,5099.379,1
1484.1818476389162,2026-10-02T09:34:41.352496+00:00,core-p131072-ssd-write,71.5,57.0,62.85,636,5081.611,1
1485.1928473720327,2026-10-02T09:34:42.363461+00:00,core-p131072-ssd-write,71.5,58.0,62.85,629,5101.996,0
1486.2038907848764,2026-10-02T09:34:43.374544+00:00,core-p131072-ssd-write,72.5,57.0,62.85,627,5079.21,0
1487.2148380209692,2026-10-02T09:34:44.385482+00:00,core-p131072-ssd-write,72.5,57.0,62.85,627,5079.84,0
1488.225817386061,2026-10-02T09:34:45.396464+00:00,core-p131072-ssd-write,72.5,57.0,62.85,619,5096.242,0
1489.2366624060087,2026-10-02T09:34:46.407316+00:00,core-p131072-ssd-write,71.875,57.0,62.85,623,5106.224,0
1490.2473712288775,2026-10-02T09:34:47.418023+00:00,core-p131072-ssd-write,71.625,56.0,62.85,627,5097.386,0
1491.2593746948987,2026-10-02T09:34:48.430026+00:00,core-p131072-ssd-write,71.375,57.0,62.85,621,5101.209,0
1492.2708699260838,2026-10-02T09:34:49.441522+00:00,core-p131072-ssd-write,71.0,57.0,62.85,625,5092.25,0
1493.2823217979167,2026-10-02T09:34:50.452973+00:00,core-p131072-ssd-write,70.625,56.0,62.85,627,5112.671,0
1494.2931170009542,2026-10-02T09:34:51.463770+00:00,core-p131072-ssd-write,70.75,57.0,62.85,632,5109.0,1
1495.3086282028817,2026-10-02T09:34:52.479284+00:00,core-p131072-ssd-write,70.875,56.0,61.85,645,5104.984,1
1496.319526522886,2026-10-02T09:34:53.490174+00:00,core-p131072-ssd-write,71.375,56.0,62.85,641,5084.872,1
1497.3298850890715,2026-10-02T09:34:54.500535+00:00,core-p131072-ssd-write,71.75,56.0,62.85,632,5103.989,1
1498.3404259199742,2026-10-02T09:34:55.511076+00:00,core-p131072-ssd-write,71.25,56.0,61.85,644,5102.073,1
1499.3520634989254,2026-10-02T09:34:56.522717+00:00,core-p131072-ssd-write,70.875,56.0,61.85,630,5108.759,1
1500.3629868489224,2026-10-02T09:34:57.533638+00:00,core-p131072-ssd-write,70.75,56.0,61.85,624,5110.554,0
1501.3756034290418,2026-10-02T09:34:58.546253+00:00,core-p131072-ssd-write,70.625,56.0,61.85,636,5107.626,1
1502.386419662973,2026-10-02T09:34:59.557069+00:00,core-p131072-ssd-write,70.5,56.0,61.85,626,5107.647,0
1503.3985152898822,2026-10-02T09:35:00.569168+00:00,core-p131072-ssd-write,70.5,56.0,61.85,640,5087.31,1
1504.4099960539024,2026-10-02T09:35:01.580649+00:00,core-p131072-ssd-write,71.375,56.0,61.85,642,5086.404,1
1505.4214630099013,2026-10-02T09:35:02.592116+00:00,core-p131072-ssd-write,71.75,55.0,61.85,633,5089.956,1
1506.4334686400834,2026-10-02T09:35:03.604119+00:00,core-p131072-ssd-write,71.25,55.0,61.85,632,5113.203,1
1507.4459818350151,2026-10-02T09:35:04.616637+00:00,core-p131072-ssd-write,70.625,55.0,61.85,635,5106.013,0
1508.4577005030587,2026-10-02T09:35:05.628352+00:00,core-p131072-ssd-write,70.5,55.0,61.85,631,5087.369,0
1509.4691228310112,2026-10-02T09:35:06.639776+00:00,core-p131072-ssd-write,71.125,55.0,60.85,629,5092.299,0
1510.4811813200358,2026-10-02T09:35:07.651830+00:00,core-p131072-ssd-write,70.625,54.0,61.85,633,5118.565,1
1511.4941620519385,2026-10-02T09:35:08.664813+00:00,core-p131072-ssd-write,70.125,55.0,61.85,636,5112.23,1
1512.5055485120974,2026-10-02T09:35:09.676201+00:00,core-p131072-ssd-write,69.75,55.0,61.85,628,5115.313,0
1513.5166512909345,2026-10-02T09:35:10.687306+00:00,core-p131072-ssd-write,69.5,55.0,60.85,647,5115.168,1
1514.5276463530026,2026-10-02T09:35:11.698299+00:00,core-p131072-ssd-write,69.375,55.0,61.85,642,5113.928,1
1515.5382470269687,2026-10-02T09:35:12.708900+00:00,core-p131072-ssd-write,69.25,55.0,61.85,628,5112.162,0
1516.550240309909,2026-10-02T09:35:13.720893+00:00,core-p131072-ssd-write,69.5,54.0,61.85,635,5096.01,1
1517.5618192749098,2026-10-02T09:35:14.732469+00:00,core-p131072-ssd-write,70.25,54.0,60.85,635,5116.61,1
1518.5733115840703,2026-10-02T09:35:15.743964+00:00,core-p131072-ssd-write,70.375,54.0,60.85,633,5122.114,1
1519.584257429,2026-10-02T09:35:16.754909+00:00,core-p131072-ssd-write,70.25,54.0,60.85,631,5118.855,1
1520.5946930788923,2026-10-02T09:35:17.765348+00:00,core-p131072-ssd-write,69.75,54.0,61.85,630,5122.816,1
1521.608317534905,2026-10-02T09:35:18.778972+00:00,core-p131072-ssd-write,69.75,54.0,60.85,619,5115.632,0
1522.6220623969566,2026-10-02T09:35:19.792713+00:00,core-p131072-ssd-write,69.25,54.0,60.85,628,5112.558,1
1523.6353740228806,2026-10-02T09:35:20.806024+00:00,core-p131072-ssd-write,69.0,54.0,60.85,616,5098.178,0
1524.6473813569173,2026-10-02T09:35:21.818027+00:00,core-p131072-ssd-write,69.375,54.0,60.85,613,5093.811,0
1525.6588227690663,2026-10-02T09:35:22.829463+00:00,core-p131072-ssd-write,68.875,54.0,60.85,619,5117.529,0
1526.6718693228904,2026-10-02T09:35:23.842521+00:00,core-p131072-ssd-write,68.875,53.0,60.85,613,5103.129,0
1527.6844156729057,2026-10-02T09:35:24.855065+00:00,core-p131072-ssd-write,69.25,54.0,60.85,611,5092.884,0
1528.6967535589356,2026-10-02T09:35:25.867404+00:00,core-p131072-ssd-write,68.875,53.0,60.85,622,5121.922,0
1529.709402895067,2026-10-02T09:35:26.880054+00:00,core-p131072-ssd-write,68.5,53.0,59.85,615,5121.501,0
1530.7214159520809,2026-10-02T09:35:27.892063+00:00,core-p131072-ssd-write,68.375,53.0,60.85,613,5110.086,0
1531.7344311580528,2026-10-02T09:35:28.905085+00:00,core-p131072-ssd-write,66.25,53.0,59.85,616,5129.768,0
1532.7484474049415,2026-10-02T09:35:29.919096+00:00,core-p131072-ssd-write,68.5,57.0,59.85,1053,5064.794,16
1533.7572213190142,2026-10-02T09:35:30.927881+00:00,core-p131072-ssd-write,76.25,84.0,58.85,2006,5033.317,66
1534.765269863885,2026-10-02T09:35:31.935929+00:00,core-p131072-ssd-write,82.125,86.0,58.85,2448,5063.848,87
1535.7739397510886,2026-10-02T09:35:32.944602+00:00,core-p131072-ssd-write,85.25,88.0,57.85,2635,5045.553,95
1536.7821099429857,2026-10-02T09:35:33.952769+00:00,core-p131072-ssd-write,87.125,88.0,58.85,2693,5035.286,98
1537.789574326016,2026-10-02T09:35:34.960247+00:00,core-p131072-ssd-write,88.75,90.0,57.85,2710,5035.877,99
1538.7965157360304,2026-10-02T09:35:35.967179+00:00,core-p131072-ssd-write,89.625,88.0,57.85,2718,5047.831,100
1539.8050837970804,2026-10-02T09:35:36.975744+00:00,core-p131072-ssd-write,90.375,92.0,57.85,2719,4982.73,100
1540.8126056389883,2026-10-02T09:35:37.983262+00:00,core-p131072-ssd-write,91.25,87.0,57.85,2718,5050.026,100
1541.820000075968,2026-10-02T09:35:38.990671+00:00,core-p131072-ssd-write,91.875,91.0,56.85,2713,5027.173,100
1542.8271021409892,2026-10-02T09:35:39.997771+00:00,core-p131072-ssd-write,92.875,90.0,56.85,2706,2000.0,100
1543.8349721939303,2026-10-02T09:35:41.005636+00:00,core-p131072-ssd-write,92.0,90.0,56.85,2679,2000.0,100
1544.8429227650631,2026-10-02T09:35:42.013591+00:00,core-p131072-ssd-write,91.5,91.0,56.85,2663,2000.0,100
1545.855846008053,2026-10-02T09:35:43.026482+00:00,core-p131072-ssd-write,91.375,91.0,55.85,2658,2000.0,100
1546.8639195859432,2026-10-02T09:35:44.034573+00:00,core-p131072-ssd-write,91.375,90.0,55.85,2659,2000.0,100
1547.872622004943,2026-10-02T09:35:45.043278+00:00,core-p131072-ssd-write,91.5,93.0,55.85,2662,2000.0,100
1548.8811016508844,2026-10-02T09:35:46.051766+00:00,core-p131072-ssd-write,91.75,93.0,55.85,2653,2000.0,100
1549.8890048540197,2026-10-02T09:35:47.059665+00:00,core-p131072-ssd-write,92.125,92.0,55.85,2652,2000.0,100
1550.8971277510282,2026-10-02T09:35:48.067774+00:00,core-p131072-ssd-write,92.25,94.0,54.85,2657,2000.0,100
1551.9061457018834,2026-10-02T09:35:49.076812+00:00,core-p131072-ssd-write,92.5,92.0,54.85,2649,2000.0,100
1552.9140228470787,2026-10-02T09:35:50.084682+00:00,core-p131072-ssd-write,92.75,91.0,54.85,2647,2000.0,100
1553.9219424510375,2026-10-02T09:35:51.092597+00:00,core-p131072-ssd-write,92.875,93.0,54.85,2648,2000.0,100
1554.9300913088955,2026-10-02T09:35:52.100759+00:00,core-p131072-ssd-write,93.125,91.0,54.85,2643,2000.0,100
1555.9378787970636,2026-10-02T09:35:53.108533+00:00,core-p131072-ssd-write,93.25,93.0,54.85,2642,2000.0,100
1556.9460739239585,2026-10-02T09:35:54.116728+00:00,core-p131072-ssd-write,93.5,92.0,54.85,2645,2000.0,100
1557.9544265558943,2026-10-02T09:35:55.125083+00:00,core-p131072-ssd-write,93.625,95.0,54.85,2649,2000.0,100
1558.9631878859363,2026-10-02T09:35:56.133855+00:00,core-p131072-ssd-write,93.875,92.0,54.85,2641,2000.0,100
1559.9712738369126,2026-10-02T09:35:57.141923+00:00,core-p131072-ssd-write,94.125,93.0,54.85,2641,2010.273,100
1560.9793422680814,2026-10-02T09:35:58.149983+00:00,core-p131072-ssd-write,94.25,94.0,54.85,2644,2000.0,100
1561.988143357914,2026-10-02T09:35:59.158811+00:00,core-p131072-ssd-write,94.375,94.0,54.85,2636,2000.0,100
1562.9953893639613,2026-10-02T09:36:00.166046+00:00,core-p131072-ssd-write,94.5,94.0,54.85,2637,2000.0,100
1564.0031906040385,2026-10-02T09:36:01.173841+00:00,core-p131072-ssd-write,94.625,94.0,54.85,2643,2000.0,100
1565.0111877280287,2026-10-02T09:36:02.181838+00:00,core-p131072-ssd-write,94.875,95.0,54.85,2634,2000.0,100
1566.0191300550941,2026-10-02T09:36:03.189794+00:00,core-p131072-ssd-write,95.0,94.0,54.85,2634,2000.0,100
1567.0263243040536,2026-10-02T09:36:04.196985+00:00,core-p131072-ssd-write,95.125,94.0,54.85,2639,2000.0,100
1568.0341908528935,2026-10-02T09:36:05.204858+00:00,core-p131072-ssd-write,95.25,95.0,54.85,2632,2000.0,100
1569.041265676031,2026-10-02T09:36:06.211925+00:00,core-p131072-ssd-write,95.375,95.0,54.85,2632,2000.0,100
1570.0490724069532,2026-10-02T09:36:07.219732+00:00,core-p131072-ssd-write,95.5,96.0,54.85,2635,2000.0,100
1571.0563925330061,2026-10-02T09:36:08.227057+00:00,core-p131072-ssd-write,95.5,93.0,54.85,2629,2302.097,100
1572.0651740960311,2026-10-02T09:36:09.235837+00:00,core-p131072-ssd-write,95.625,95.0,54.85,2628,2000.0,100
1573.0731634530239,2026-10-02T09:36:10.243820+00:00,core-p131072-ssd-write,95.875,96.0,54.85,2633,2000.0,100
1574.0813199549448,2026-10-02T09:36:11.251987+00:00,core-p131072-ssd-write,95.875,95.0,54.85,2633,2029.31,100
1575.0892641530372,2026-10-02T09:36:12.259927+00:00,core-p131072-ssd-write,96.0,96.0,54.85,2628,2000.0,100
1576.0971642329823,2026-10-02T09:36:13.267824+00:00,core-p131072-ssd-write,96.25,96.0,54.85,2629,2000.0,100
1577.105340464972,2026-10-02T09:36:14.275997+00:00,core-p131072-ssd-write,96.25,98.0,54.85,2631,2000.0,100
1578.1134119210765,2026-10-02T09:36:15.284079+00:00,core-p131072-ssd-write,96.25,94.0,55.85,2622,2000.0,100
1579.121511125937,2026-10-02T09:36:16.292171+00:00,core-p131072-ssd-write,96.5,96.0,54.85,2596,3845.505,97
1580.1303958268836,2026-10-02T09:36:17.301056+00:00,core-p131072-ssd-write,96.5,98.0,54.85,2624,2000.0,99
1581.1382792389486,2026-10-02T09:36:18.308947+00:00,core-p131072-ssd-write,96.375,96.0,55.85,2624,2000.0,100
1582.1472869380377,2026-10-02T09:36:19.317951+00:00,core-p131072-ssd-write,96.375,95.0,55.85,2633,2000.0,100
1583.1552295179572,2026-10-02T09:36:20.325865+00:00,core-p131072-ssd-write,96.25,95.0,55.85,2638,2012.057,100
1584.1633876920678,2026-10-02T09:36:21.334055+00:00,core-p131072-ssd-write,96.375,94.0,55.85,2631,2000.0,100
1585.1713363830931,2026-10-02T09:36:22.341999+00:00,core-p131072-ssd-write,96.375,95.0,55.85,2635,2000.0,100
1586.1793862208724,2026-10-02T09:36:23.350039+00:00,core-p131072-ssd-write,96.25,97.0,55.85,2637,2000.0,100
1587.1874507989269,2026-10-02T09:36:24.358118+00:00,core-p131072-ssd-write,96.375,97.0,55.85,2632,2000.0,100
1588.1952941140626,2026-10-02T09:36:25.365957+00:00,core-p131072-ssd-write,96.375,97.0,55.85,2635,2000.0,100
1589.2035542558879,2026-10-02T09:36:26.374206+00:00,core-p131072-ssd-write,96.25,92.0,55.85,2637,2000.0,100
1590.2119048959576,2026-10-02T09:36:27.382572+00:00,core-p131072-ssd-write,96.25,95.0,55.85,2631,2000.0,100
1591.2195988760795,2026-10-02T09:36:28.390259+00:00,core-p131072-ssd-write,96.25,97.0,55.85,2631,2000.0,100
1592.2284909000155,2026-10-02T09:36:29.399160+00:00,core-p131072-ssd-write,96.25,98.0,55.85,2635,2272.113,100
1593.2365597099997,2026-10-02T09:36:30.407231+00:00,core-p131072-ssd-write,96.25,96.0,55.85,2630,2000.0,100
1594.2443055890035,2026-10-02T09:36:31.414972+00:00,core-p131072-ssd-write,96.25,96.0,55.85,2635,2000.0,100
1595.2514831549488,2026-10-02T09:36:32.422151+00:00,core-p131072-ssd-write,96.25,98.0,55.85,2630,2000.0,100
1596.2585490138736,2026-10-02T09:36:33.429214+00:00,core-p131072-ssd-write,96.25,95.0,55.85,2628,2000.0,100
1597.2664366299286,2026-10-02T09:36:34.437101+00:00,core-p131072-ssd-write,96.25,95.0,55.85,2627,2000.0,100
1598.2735249390826,2026-10-02T09:36:35.444192+00:00,core-p131072-ssd-write,96.25,95.0,55.85,2625,2000.0,100
1599.2814679830335,2026-10-02T09:36:36.452129+00:00,core-p131072-ssd-write,96.375,97.0,55.85,2628,2000.0,100
1600.289506674977,2026-10-02T09:36:37.460169+00:00,core-p131072-ssd-write,96.375,95.0,55.85,2635,2000.0,100
1601.2976234650705,2026-10-02T09:36:38.468286+00:00,core-p131072-ssd-write,96.375,96.0,55.85,2625,2016.327,100
1602.306754203979,2026-10-02T09:36:39.477418+00:00,core-p131072-ssd-write,96.375,95.0,55.85,2626,2024.19,100
1603.3145515739452,2026-10-02T09:36:40.485215+00:00,core-p131072-ssd-write,96.375,95.0,55.85,2625,2068.653,100
1604.3226072459947,2026-10-02T09:36:41.493277+00:00,core-p131072-ssd-write,96.375,95.0,56.85,2621,2000.0,100
1605.3305072430521,2026-10-02T09:36:42.501169+00:00,core-p131072-ssd-write,96.25,94.0,56.85,2625,2012.859,100
1606.3386668718886,2026-10-02T09:36:43.509328+00:00,core-p131072-ssd-write,96.375,96.0,55.85,2632,2000.0,100
1607.346556799952,2026-10-02T09:36:44.517224+00:00,core-p131072-ssd-write,96.25,95.0,56.85,2625,2000.0,100
1608.35459187394,2026-10-02T09:36:45.525255+00:00,core-p131072-ssd-write,96.375,97.0,56.85,2628,2000.0,100
1609.3626905549318,2026-10-02T09:36:46.533340+00:00,core-p131072-ssd-write,96.375,97.0,56.85,2629,2000.0,100
1610.3706451819744,2026-10-02T09:36:47.541316+00:00,core-p131072-ssd-write,96.375,95.0,56.85,2625,2000.0,100
1611.3784954519942,2026-10-02T09:36:48.549162+00:00,core-p131072-ssd-write,96.5,95.0,56.85,2628,2000.0,100
1612.3867143210955,2026-10-02T09:36:49.557377+00:00,core-p131072-ssd-write,96.5,95.0,56.85,2628,2000.0,100
1613.394648588961,2026-10-02T09:36:50.565320+00:00,core-p131072-ssd-write,96.5,96.0,56.85,2624,2000.0,100
1614.4026016760617,2026-10-02T09:36:51.573266+00:00,core-p131072-ssd-write,96.625,97.0,56.85,2628,2000.0,100
1615.410707009025,2026-10-02T09:36:52.581355+00:00,core-p131072-ssd-write,96.625,95.0,56.85,2632,2000.0,100
1616.4227516949177,2026-10-02T09:36:53.593412+00:00,core-p131072-ssd-write,96.5,95.0,56.85,2621,2000.0,100
1617.430754361907,2026-10-02T09:36:54.601419+00:00,core-p131072-ssd-write,96.625,97.0,56.85,2626,2000.0,100
1618.4387052799575,2026-10-02T09:36:55.609352+00:00,core-p131072-ssd-write,96.625,96.0,56.85,2628,2000.0,100
1619.4468636419624,2026-10-02T09:36:56.617531+00:00,core-p131072-ssd-write,96.625,96.0,56.85,2625,2000.0,100
1620.4547274440993,2026-10-02T09:36:57.625385+00:00,core-p131072-ssd-write,96.625,95.0,56.85,2627,2000.0,100
1621.4628641179297,2026-10-02T09:36:58.633531+00:00,core-p131072-ssd-write,96.625,96.0,56.85,2622,2000.0,100
1622.4707827479579,2026-10-02T09:36:59.641439+00:00,core-p131072-ssd-write,96.625,97.0,56.85,2620,2000.0,100
1623.4788699729834,2026-10-02T09:37:00.649527+00:00,core-p131072-ssd-write,96.625,95.0,56.85,2622,2000.0,100
1624.4868357819505,2026-10-02T09:37:01.657504+00:00,core-p131072-ssd-write,96.625,94.0,56.85,2619,2000.0,100
1625.4939288878813,2026-10-02T09:37:02.664583+00:00,core-p131072-ssd-write,96.625,97.0,56.85,2622,2000.0,100
1626.5020287230145,2026-10-02T09:37:03.672686+00:00,core-p131072-ssd-write,96.625,97.0,56.85,2629,2000.0,100
1627.5098323980346,2026-10-02T09:37:04.680500+00:00,core-p131072-ssd-write,96.625,96.0,56.85,2619,2000.0,100
1628.5170168019831,2026-10-02T09:37:05.687642+00:00,core-p131072-ssd-write,93.625,85.0,56.85,2687,5011.98,92
1629.5249127340503,2026-10-02T09:37:06.695532+00:00,core-p131072-ssd-write,95.125,82.0,56.85,2767,4914.843,94
1630.5323610398918,2026-10-02T09:37:07.702986+00:00,core-p131072-ssd-write,96.375,82.0,57.85,2848,4924.653,97
1631.5397869169246,2026-10-02T09:37:08.710448+00:00,core-p131072-ssd-write,96.375,80.0,56.85,2881,4921.233,99
1632.54765043105,2026-10-02T09:37:09.718311+00:00,core-p131072-ssd-write,96.625,80.0,56.85,2893,4925.676,99
1633.5547053590417,2026-10-02T09:37:10.725312+00:00,core-p131072-ssd-write,94.0,68.0,57.85,2684,3034.427,79
1634.5689289139118,2026-10-02T09:37:11.739584+00:00,core-p131072-ssd-write,85.0,65.0,57.85,1370,5085.737,29
1635.5852118788753,2026-10-02T09:37:12.755871+00:00,core-p131072-ssd-write,79.375,64.0,56.85,898,5076.82,11
1636.594472042052,2026-10-02T09:37:13.765134+00:00,core-p131072-ssd-write,74.125,63.0,57.85,731,3574.1,4
1637.6061849829275,2026-10-02T09:37:14.776846+00:00,core-p131072-ssd-write,70.75,63.0,57.85,664,3571.392,2
1638.6165908619296,2026-10-02T09:37:15.787253+00:00,core-p131072-ssd-write,68.375,63.0,57.85,639,3575.758,1
1639.6245740449522,2026-10-02T09:37:16.795244+00:00,core-p131072-ssd-write,66.625,62.0,56.85,637,3574.927,1
1640.636440600967,2026-10-02T09:37:17.807102+00:00,core-p131072-ssd-read,65.5,61.0,57.85,635,3565.924,1
1641.6443647549022,2026-10-02T09:37:18.815020+00:00,core-p131072-ssd-read,64.5,60.0,56.85,631,3553.582,1
1642.6521885020193,2026-10-02T09:37:19.822857+00:00,core-p131072-ssd-read,63.625,60.0,56.85,633,3557.976,1
1643.6652209749445,2026-10-02T09:37:20.835882+00:00,core-p131072-ssd-read,63.0,59.0,56.85,632,3572.088,1
1644.6805930689443,2026-10-02T09:37:21.851257+00:00,core-p131072-ssd-read,62.5,59.0,57.85,627,3566.893,0
1645.697879615007,2026-10-02T09:37:22.868541+00:00,core-p131072-ssd-read,62.125,59.0,56.85,633,3579.71,1
1646.7142658680677,2026-10-02T09:37:23.884922+00:00,core-p131072-ssd-read,61.75,59.0,56.85,633,3575.633,1
1647.7254464570433,2026-10-02T09:37:24.896101+00:00,core-p131072-ssd-read,61.5,58.0,56.85,626,4300.924,0
1648.7339026050176,2026-10-02T09:37:25.904546+00:00,core-p131072-ssd-read,64.875,58.0,56.85,651,3550.14,1
1649.74175753491,2026-10-02T09:37:26.912403+00:00,core-p131072-ssd-read,63.5,59.0,57.85,1142,3552.398,9
1650.7911299478728,2026-10-02T09:37:27.961775+00:00,core-p131072-ssd-read,62.75,59.0,57.85,1353,3550.6,14
1651.830785230035,2026-10-02T09:37:29.001437+00:00,core-p131072-ssd-read,62.125,59.0,58.85,1472,3563.027,16
1652.871016096091,2026-10-02T09:37:30.041661+00:00,core-p131072-ssd-read,61.75,59.0,59.85,1533,3554.624,17
1653.9109313709196,2026-10-02T09:37:31.081574+00:00,core-p131072-ssd-read,61.5,59.0,59.85,1465,3550.683,16
1654.959871697938,2026-10-02T09:37:32.130517+00:00,core-p131072-ssd-read,61.0,58.0,59.85,1465,3556.336,15
1656.0077459069435,2026-10-02T09:37:33.178388+00:00,core-p131072-ssd-read,60.625,58.0,59.85,1457,3568.456,15
1657.0568457890768,2026-10-02T09:37:34.227473+00:00,core-p131072-ssd-read,60.25,58.0,60.85,1427,3549.637,15
1658.1039389420766,2026-10-02T09:37:35.274583+00:00,core-p131072-ssd-read,60.0,58.0,60.85,1434,3550.963,15
1659.1527811030392,2026-10-02T09:37:36.323436+00:00,core-p131072-ssd-read,59.875,58.0,60.85,1418,3575.233,15
1660.2135435689706,2026-10-02T09:37:37.384196+00:00,core-p131072-ssd-read,59.625,58.0,61.85,1418,3606.026,15
1661.3246224790346,2026-10-02T09:37:38.495280+00:00,core-p131072-ssd-read,59.5,57.0,61.85,1394,3578.352,15
1662.4141471099574,2026-10-02T09:37:39.584787+00:00,core-p131072-ssd-read,59.375,57.0,61.85,1425,3574.028,14
1663.4606911400333,2026-10-02T09:37:40.631349+00:00,core-p131072-ssd-read,59.25,57.0,62.85,1383,3540.493,14
1664.6148589889053,2026-10-02T09:37:41.785504+00:00,core-p131072-ssd-read,59.25,57.0,62.85,1391,3580.158,14
1665.6648211679421,2026-10-02T09:37:42.835447+00:00,core-p131072-ssd-read,59.125,56.0,62.85,1421,3555.962,14
1666.7112117230427,2026-10-02T09:37:43.881851+00:00,core-p131072-ssd-read,59.125,57.0,62.85,1447,3574.568,14
1667.760883151088,2026-10-02T09:37:44.931527+00:00,core-p131072-ssd-read,59.125,57.0,62.85,1445,3578.6,15
1668.8092045690864,2026-10-02T09:37:45.979852+00:00,core-p131072-ssd-read,59.125,57.0,62.85,1416,3575.187,15
1669.8553697720636,2026-10-02T09:37:47.026020+00:00,core-p131072-ssd-read,59.0,57.0,62.85,993,4001.655,7
1670.8668152869213,2026-10-02T09:37:48.037457+00:00,core-p131072-ssd-read,66.875,56.0,62.85,758,5083.341,3
1671.8781597160269,2026-10-02T09:37:49.048807+00:00,core-p131072-ssd-read,70.875,57.0,62.85,670,5081.417,1
1672.8890380589291,2026-10-02T09:37:50.059690+00:00,core-p131072-ssd-read,71.375,57.0,62.85,642,5103.844,1
1673.902079628082,2026-10-02T09:37:51.072727+00:00,core-p131072-ssd-read,71.25,57.0,62.85,631,5097.526,1
1674.9141041969415,2026-10-02T09:37:52.084756+00:00,core-p131072-ssd-read,71.375,57.0,62.85,619,5102.946,0
1675.925091587007,2026-10-02T09:37:53.095741+00:00,core-p131072-ssd-read,71.375,57.0,62.85,621,5099.969,0
1676.937081086915,2026-10-02T09:37:54.107731+00:00,core-p131072-ssd-read,71.5,57.0,62.85,617,5097.836,0
1677.9491512458771,2026-10-02T09:37:55.119800+00:00,core-p131072-ssd-read,71.5,57.0,62.85,617,5101.103,0
1678.961585213896,2026-10-02T09:37:56.132235+00:00,core-p131072-ssd-read,72.375,57.0,62.85,619,5073.012,0
1679.973113247892,2026-10-02T09:37:57.143764+00:00,core-p131072-ssd-read,72.25,57.0,61.85,618,5092.356,0
1680.984307514038,2026-10-02T09:37:58.154955+00:00,core-p131072-ssd-read,71.75,57.0,62.85,659,5099.202,1
1681.9961534689646,2026-10-02T09:37:59.166810+00:00,core-p131072-ssd-read,72.25,57.0,62.85,642,5104.708,1
1683.0061230710708,2026-10-02T09:38:00.176773+00:00,core-p131072-ssd-read,71.875,57.0,61.85,634,5101.682,1
1684.019131612964,2026-10-02T09:38:01.189780+00:00,core-p131072-ssd-read,71.625,57.0,61.85,621,5102.283,0
1685.029788424028,2026-10-02T09:38:02.200437+00:00,core-p131072-ssd-read,71.625,57.0,61.85,621,5097.266,0
1686.0406374409795,2026-10-02T09:38:03.211286+00:00,core-p131072-ssd-read,71.5,56.0,61.85,617,5102.98,0
1687.0526903709397,2026-10-02T09:38:04.223337+00:00,core-p131072-ssd-read,71.625,57.0,61.85,620,5095.693,0
1688.0642034579068,2026-10-02T09:38:05.234849+00:00,core-p131072-ssd-read,71.375,57.0,61.85,623,5096.821,0
1689.0766410778742,2026-10-02T09:38:06.247292+00:00,core-p131072-ssd-read,71.125,56.0,61.85,625,5104.009,0
1690.087713157991,2026-10-02T09:38:07.258363+00:00,core-p131072-ssd-read,71.0,56.0,61.85,619,5100.96,0
1691.0992754839826,2026-10-02T09:38:08.269934+00:00,core-p131072-ssd-read,70.75,56.0,61.85,623,5113.292,0
1692.1107991819736,2026-10-02T09:38:09.281448+00:00,core-p131072-ssd-read,70.75,56.0,61.85,620,5105.632,0
1693.1223076998722,2026-10-02T09:38:10.292953+00:00,core-p131072-ssd-read,71.375,56.0,61.85,618,5123.439,0
1694.1360457320698,2026-10-02T09:38:11.306694+00:00,core-p131072-ssd-read,71.375,56.0,61.85,624,5083.159,0
1695.1467419939581,2026-10-02T09:38:12.317391+00:00,core-p131072-ssd-read,71.625,56.0,60.85,623,5086.177,0
1696.157416088041,2026-10-02T09:38:13.328066+00:00,core-p131072-ssd-read,71.5,56.0,61.85,619,5113.302,0
1697.168310404988,2026-10-02T09:38:14.338967+00:00,core-p131072-ssd-read,70.875,55.0,61.85,626,5106.222,0
1698.1788317859173,2026-10-02T09:38:15.349474+00:00,core-p131072-ssd-read,70.125,55.0,60.85,621,5114.289,0
1699.1897995690815,2026-10-02T09:38:16.360448+00:00,core-p131072-ssd-read,69.875,55.0,61.85,623,5110.548,0
1700.2004453940317,2026-10-02T09:38:17.371094+00:00,core-p131072-ssd-read,69.875,55.0,60.85,626,5107.65,0
1701.2118994349148,2026-10-02T09:38:18.382548+00:00,core-p131072-ssd-read,70.25,55.0,60.85,621,5088.839,0
1702.22345928289,2026-10-02T09:38:19.394113+00:00,core-p131072-ssd-read,70.5,55.0,60.85,619,5107.684,0
1703.2344132498838,2026-10-02T09:38:20.405063+00:00,core-p131072-ssd-read,70.0,55.0,60.85,625,5112.314,0
1704.2481564329937,2026-10-02T09:38:21.418808+00:00,core-p131072-ssd-read,69.75,55.0,60.85,626,5117.641,0
1705.259855428012,2026-10-02T09:38:22.430510+00:00,core-p131072-ssd-read,69.5,54.0,60.85,621,5112.015,0
1706.2721185958944,2026-10-02T09:38:23.442768+00:00,core-p131072-ssd-read,69.25,54.0,60.85,626,5108.581,0
1707.2844324829057,2026-10-02T09:38:24.455082+00:00,core-p131072-ssd-read,69.25,55.0,60.85,627,5114.928,0
1708.2958881149534,2026-10-02T09:38:25.466542+00:00,core-p131072-ssd-read,69.5,55.0,60.85,630,5109.506,1
1709.311276271008,2026-10-02T09:38:26.481927+00:00,core-p131072-ssd-read,69.25,54.0,60.85,633,5117.356,1
1710.3229602968786,2026-10-02T09:38:27.493611+00:00,core-p131072-ssd-read,69.125,54.0,60.85,628,5117.624,0
1711.334067861084,2026-10-02T09:38:28.504719+00:00,core-p131072-ssd-read,68.875,54.0,60.85,629,5113.961,0
1712.3466106508859,2026-10-02T09:38:29.517262+00:00,core-p131072-ssd-read,69.375,54.0,60.85,625,5090.754,0
1713.3578780998942,2026-10-02T09:38:30.528529+00:00,core-p131072-ssd-read,69.75,54.0,60.85,633,5116.086,1
1714.3710847019684,2026-10-02T09:38:31.541735+00:00,core-p131072-ssd-read,69.25,54.0,60.85,640,5118.097,1
1715.3836092338897,2026-10-02T09:38:32.554264+00:00,core-p131072-ssd-read,68.5,54.0,59.85,629,5119.414,0
1716.3956600609235,2026-10-02T09:38:33.566321+00:00,core-p131072-ssd-read,68.5,54.0,60.85,624,5121.603,0
1717.40659401007,2026-10-02T09:38:34.577244+00:00,core-p131072-ssd-read,68.375,53.0,60.85,639,5117.067,1
1718.418006326072,2026-10-02T09:38:35.588661+00:00,core-p131072-ssd-read,68.375,54.0,60.85,636,5117.952,1
1719.429047982907,2026-10-02T09:38:36.599715+00:00,core-p131072-ssd-read,68.25,53.0,59.85,627,5119.989,0
1720.4405312070157,2026-10-02T09:38:37.611189+00:00,core-p131072-ssd-read,67.375,53.0,59.85,636,5133.465,1
1721.4480070900172,2026-10-02T09:38:38.618651+00:00,core-p131072-ssd-read,66.875,54.0,58.85,841,5135.189,6
1722.4557007069234,2026-10-02T09:38:39.626344+00:00,core-p131072-ssd-read,67.375,54.0,58.85,708,5103.33,2
1723.466256998945,2026-10-02T09:38:40.636907+00:00,core-p131072-ssd-read,69.375,66.0,58.85,1660,5101.487,40
1724.474397152895,2026-10-02T09:38:41.645018+00:00,core-p131072-ssd-read,69.375,69.0,58.85,2433,4730.675,77
1725.4829074759036,2026-10-02T09:38:42.653566+00:00,core-p131072-ssd-read,69.75,69.0,57.85,2730,5120.247,91
1726.490460267989,2026-10-02T09:38:43.661113+00:00,core-p131072-ssd-read,71.125,70.0,57.85,2838,4749.087,97
1727.4984892259818,2026-10-02T09:38:44.669145+00:00,core-p131072-ssd-read,73.125,71.0,56.85,2877,5059.763,99
1728.5064628059044,2026-10-02T09:38:45.677122+00:00,core-p131072-ssd-read,79.375,60.0,56.85,2778,5073.839,89
1729.5192157940473,2026-10-02T09:38:46.689878+00:00,core-p131072-ssd-read,75.625,56.0,57.85,1512,5105.895,35
1730.5401756179053,2026-10-02T09:38:47.710834+00:00,core-p131072-ssd-read,76.0,58.0,56.85,1079,5033.877,16
1731.5516176649835,2026-10-02T09:38:48.722265+00:00,core-p131072-ssd-read,81.75,70.0,56.85,2151,5000.366,64
1732.5591095099226,2026-10-02T09:38:49.729759+00:00,core-p131072-ssd-read,84.875,69.0,56.85,2595,4997.108,85
1733.5663861609064,2026-10-02T09:38:50.737052+00:00,core-p131072-ssd-read,87.0,70.0,56.85,2789,5006.327,94
1734.5748578170314,2026-10-02T09:38:51.745518+00:00,core-p131072-ssd-read,87.75,70.0,55.85,2859,4975.272,98
1735.5829490339383,2026-10-02T09:38:52.753616+00:00,core-p131072-ssd-read,88.375,70.0,55.85,2885,4989.05,99
1736.5907657900825,2026-10-02T09:38:53.761417+00:00,core-p131072-ssd-read,83.625,58.0,55.85,1841,5077.389,51
1737.6028736189473,2026-10-02T09:38:54.773532+00:00,core-p131072-ssd-read,79.375,57.0,55.85,1104,5076.223,20
1738.612640786916,2026-10-02T09:38:55.783281+00:00,core-p131072-ssd-read,82.25,71.0,55.85,1901,4982.842,53
1739.620466392953,2026-10-02T09:38:56.791130+00:00,core-p131072-ssd-read,86.75,70.0,55.85,2535,5010.519,83
1740.6283792469185,2026-10-02T09:38:57.799025+00:00,core-p131072-ssd-read,88.5,70.0,54.85,2767,4990.955,94
1741.6360351881012,2026-10-02T09:38:58.806691+00:00,core-p131072-ssd-read,89.25,71.0,54.85,2851,4973.804,97
1742.6440304699354,2026-10-02T09:38:59.814664+00:00,core-p131072-ssd-read,89.375,72.0,54.85,2882,4971.94,99
1743.652032400947,2026-10-02T09:39:00.822680+00:00,core-p131072-ssd-read,86.0,60.0,54.85,2365,5119.473,66
1744.6605688570999,2026-10-02T09:39:01.831219+00:00,core-p131072-ssd-read,77.625,58.0,54.85,1264,5128.15,24
1745.6760544970166,2026-10-02T09:39:02.846702+00:00,core-p131072-ssd-read,71.875,57.0,54.85,857,4310.447,9
1746.6875306160655,2026-10-02T09:39:03.858182+00:00,core-p131072-ssd-read,66.75,56.0,54.85,709,3570.026,4
1747.6990932729095,2026-10-02T09:39:04.869750+00:00,core-p131072-ssd-read,63.375,56.0,54.85,654,3571.177,2
1748.7116908899043,2026-10-02T09:39:05.882342+00:00,core-p131072-ssd-read,61.25,56.0,54.85,632,3564.291,1
1749.718775710091,2026-10-02T09:39:06.889428+00:00,core-p131072-ssd-read,59.75,55.0,54.85,627,3576.011,1
1750.7288350230083,2026-10-02T09:39:07.899483+00:00,core-p131072-ssd-read,58.625,55.0,54.85,629,3574.321,0
1751.7444879100658,2026-10-02T09:39:08.915095+00:00,core-p131072-ssd-read,57.875,55.0,53.85,624,2113.018,0
1752.7554147948977,2026-10-02T09:39:09.926022+00:00,core-p131072-ssd-read,57.25,54.0,53.85,624,2143.803,0
1753.7664167510811,2026-10-02T09:39:10.937025+00:00,core-p131072-ssd-read,56.625,54.0,53.85,627,2815.145,0
1754.776430736063,2026-10-02T09:39:11.947039+00:00,core-p131072-ssd-read,56.25,54.0,53.85,625,2102.085,0
1755.78744764789,2026-10-02T09:39:12.958055+00:00,core-p131072-ssd-read,55.875,53.0,53.85,618,2327.511,0
1756.7981983749196,2026-10-02T09:39:13.968806+00:00,core-p131072-ssd-read,55.625,53.0,52.85,621,2091.813,0
1757.8087643089239,2026-10-02T09:39:14.979370+00:00,core-p131072-ssd-read,55.25,53.0,52.85,620,2288.68,0
1758.8191215849947,2026-10-02T09:39:15.989732+00:00,core-p131072-ssd-read,55.125,53.0,52.85,620,2246.57,0
1759.8298634749372,2026-10-02T09:39:17.000515+00:00,core-p131072-ssd-read,55.0,53.0,52.85,621,3578.187,0
1760.8370852519292,2026-10-02T09:39:18.007728+00:00,core-p131072-ssd-read,54.875,52.0,52.85,616,2019.977,0
1761.845719117904,2026-10-02T09:39:19.016361+00:00,core-p131072-ssd-read,54.75,53.0,52.85,615,2940.852,0
1762.85477340105,2026-10-02T09:39:20.025382+00:00,core-p131072-ssd-read,54.625,52.0,52.85,617,2322.471,0
1763.8655230849981,2026-10-02T09:39:21.036129+00:00,core-p131072-ssd-read,54.5,53.0,52.85,616,2000.0,0
1764.8755373200402,2026-10-02T09:39:22.046143+00:00,core-p131072-ssd-read,54.375,52.0,52.85,615,2018.823,0
1765.885906348005,2026-10-02T09:39:23.056469+00:00,core-p131072-ssd-read,54.25,52.0,52.85,619,2239.651,0
1766.8959105808754,2026-10-02T09:39:24.066468+00:00,core-p131072-ssd-read,54.125,53.0,52.85,615,2006.456,0
